CARDUNLOK,CardUnlock,3483,06/18/2020, 12:35:47,249
CARDUNLOK,CardUnlock,3483,06/18/2020, 13:04:35,249
CARDUNLOK,CardUnlock,3483,06/18/2020, 14:06:21,249
CARDUNLOK,CardUnlock,3483,06/18/2020, 15:04:55,249
CARDUNLOK,CardUnlock,3483,06/18/2020, 16:05:12,249
CARDUNLOK,CardUnlock,3483,06/18/2020, 17:05:41,249
CARDUNLOK,CardUnlock,3483,06/18/2020, 18:05:02,249
CARDUNLOK,CardUnlock,3483,06/18/2020, 19:04:27,249
CARDUNLOK,CardUnlock,3483,06/18/2020, 20:05:19,249
CARDUNLOK,CardUnlock,3483,06/18/2020, 21:05:10,249
CARDUNLOK,CardUnlock,3483,06/18/2020, 22:04:46,249
CARDUNLOK,CardUnlock,3483,06/18/2020, 23:05:11,249
CARDUNLOK,CardUnlock,3483,06/19/2020, 00:13:11,249
CARDUNLOK,CardUnlock,3483,06/19/2020, 01:06:05,249
CARDUNLOK,CardUnlock,3483,06/19/2020, 02:04:57,249
CARDUNLOK,CardUnlock,3483,06/19/2020, 03:04:46,249
CARDUNLOK,CardUnlock,3483,06/19/2020, 04:05:13,249
CARDUNLOK,CardUnlock,3484,06/19/2020, 05:06:07,249
CARDUNLOK,CardUnlock,3486,06/19/2020, 06:06:05,249
CARDUNLOK,CardUnlock,3486,06/19/2020, 07:05:04,249
CARDUNLOK,CardUnlock,3486,06/19/2020, 08:06:41,249
CARDUNLOK,CardUnlock,3486,06/19/2020, 09:04:55,249
CARDUNLOK,CardUnlock,3486,06/19/2020, 10:04:43,249
CARDUNLOK,CardUnlock,3486,06/19/2020, 11:04:34,249
CARDUNLOK,CardUnlock,3486,06/19/2020, 12:06:20,249
CARDUNLOK,CardUnlock,3486,06/19/2020, 13:04:42,249
CARDUNLOK,CardUnlock,3486,06/19/2020, 14:05:08,249
CARDUNLOK,CardUnlock,3486,06/19/2020, 15:04:58,249
CARDUNLOK,CardUnlock,3487,06/19/2020, 16:05:19,249
CARDUNLOK,CardUnlock,3487,06/19/2020, 17:04:50,249
CARDUNLOK,CardUnlock,3487,06/19/2020, 18:05:08,249
CARDUNLOK,CardUnlock,3488,06/19/2020, 19:04:30,249
CARDUNLOK,CardUnlock,3488,06/19/2020, 20:05:26,249
CARDUNLOK,CardUnlock,3488,06/19/2020, 21:04:53,249
CARDUNLOK,CardUnlock,3488,06/19/2020, 22:04:36,249
CARDUNLOK,CardUnlock,3488,06/19/2020, 23:04:21,249
CARDUNLOK,CardUnlock,3488,06/20/2020, 00:12:44,249
CARDUNLOK,CardUnlock,3488,06/20/2020, 01:05:16,249
CARDUNLOK,CardUnlock,3488,06/20/2020, 02:05:48,249
CARDUNLOK,CardUnlock,3488,06/20/2020, 03:05:55,249
CARDUNLOK,CardUnlock,3488,06/20/2020, 04:06:13,249
CARDUNLOK,CardUnlock,3488,06/20/2020, 05:05:00,249
CARDUNLOK,CardUnlock,3488,06/20/2020, 06:05:56,249
CARDUNLOK,CardUnlock,3488,06/20/2020, 07:06:07,249
CARDUNLOK,CardUnlock,3488,06/20/2020, 08:05:12,249
CARDUNLOK,CardUnlock,3488,06/20/2020, 09:05:33,249
CARDUNLOK,CardUnlock,3488,06/20/2020, 10:05:49,249
CARDUNLOK,CardUnlock,3488,06/20/2020, 11:05:49,249
CARDUNLOK,CardUnlock,3488,06/20/2020, 12:06:20,249
CARDUNLOK,CardUnlock,3488,06/20/2020, 13:05:02,249
CARDUNLOK,CardUnlock,3488,06/20/2020, 14:05:52,249
CARDUNLOK,CardUnlock,3488,06/20/2020, 15:04:41,249
CARDUNLOK,CardUnlock,3488,06/20/2020, 16:05:09,249
CARDUNLOK,CardUnlock,3488,06/20/2020, 17:05:16,249
CARDUNLOK,CardUnlock,3488,06/20/2020, 18:05:07,249
CARDUNLOK,CardUnlock,3488,06/20/2020, 19:05:51,249
CARDUNLOK,CardUnlock,3488,06/20/2020, 20:05:20,249
CARDUNLOK,CardUnlock,3488,06/20/2020, 21:05:02,249
CARDUNLOK,CardUnlock,3488,06/20/2020, 22:04:21,249
CARDUNLOK,CardUnlock,3488,06/20/2020, 23:06:32,249
CARDUNLOK,CardUnlock,3488,06/21/2020, 00:13:56,249
CARDUNLOK,CardUnlock,3489,06/21/2020, 01:05:05,249
CARDUNLOK,CardUnlock,3489,06/21/2020, 02:09:09,249
CARDUNLOK,CardUnlock,3489,06/21/2020, 03:05:06,249
CARDUNLOK,CardUnlock,3489,06/21/2020, 04:06:08,249
CARDUNLOK,CardUnlock,3489,06/21/2020, 05:04:41,249
CARDUNLOK,CardUnlock,3489,06/21/2020, 06:06:03,249
CARDUNLOK,CardUnlock,3489,06/21/2020, 07:04:56,249
CARDUNLOK,CardUnlock,3489,06/21/2020, 08:05:14,249
CARDUNLOK,CardUnlock,3489,06/21/2020, 09:05:00,249
CARDUNLOK,CardUnlock,3489,06/21/2020, 10:06:08,249
CARDUNLOK,CardUnlock,3489,06/21/2020, 11:05:57,249
CARDUNLOK,CardUnlock,3489,06/21/2020, 12:06:15,249
CARDUNLOK,CardUnlock,3489,06/21/2020, 13:04:49,249
CARDUNLOK,CardUnlock,3489,06/21/2020, 14:05:51,249
CARDUNLOK,CardUnlock,3489,06/21/2020, 15:05:39,249
CARDUNLOK,CardUnlock,3489,06/21/2020, 16:04:51,249
CARDUNLOK,CardUnlock,3489,06/21/2020, 17:04:40,249
CARDUNLOK,CardUnlock,3489,06/21/2020, 18:05:32,249
CARDUNLOK,CardUnlock,3489,06/21/2020, 19:06:02,249
CARDUNLOK,CardUnlock,3489,06/21/2020, 20:05:29,249
CARDUNLOK,CardUnlock,3489,06/21/2020, 21:04:52,249
CARDUNLOK,CardUnlock,3489,06/21/2020, 22:04:51,249
CARDUNLOK,CardUnlock,3489,06/21/2020, 23:04:58,249
CARDUNLOK,CardUnlock,3489,06/22/2020, 00:13:04,249
CARDUNLOK,CardUnlock,3489,06/22/2020, 01:05:16,249
CARDUNLOK,CardUnlock,3489,06/22/2020, 02:05:28,249
CARDUNLOK,CardUnlock,3489,06/22/2020, 03:05:02,249
CARDUNLOK,CardUnlock,3489,06/22/2020, 04:05:20,249
CARDUNLOK,CardUnlock,3489,06/22/2020, 05:05:04,249
CARDUNLOK,CardUnlock,3489,06/22/2020, 06:06:04,249
CARDUNLOK,CardUnlock,3489,06/22/2020, 07:04:51,249
CARDUNLOK,CardUnlock,3489,06/22/2020, 08:05:46,249
CARDUNLOK,CardUnlock,3489,06/22/2020, 09:04:58,249
CARDUNLOK,CardUnlock,3489,06/22/2020, 10:05:33,249
CARDUNLOK,CardUnlock,3489,06/22/2020, 11:05:04,249
CARDUNLOK,CardUnlock,3489,06/22/2020, 12:06:42,249
CARDUNLOK,CardUnlock,3489,06/22/2020, 13:05:14,249
CARDUNLOK,CardUnlock,3489,06/22/2020, 14:05:02,249
CARDUNLOK,CardUnlock,3489,06/22/2020, 15:05:30,249
CARDUNLOK,CardUnlock,3489,06/22/2020, 16:05:01,249
CARDUNLOK,CardUnlock,3489,06/22/2020, 17:04:47,249
CARDUNLOK,CardUnlock,3489,06/22/2020, 18:05:12,249
CARDUNLOK,CardUnlock,3490,06/22/2020, 19:04:33,249
CARDUNLOK,CardUnlock,3490,06/22/2020, 20:05:48,249
CARDUNLOK,CardUnlock,3490,06/22/2020, 21:04:48,249
CARDUNLOK,CardUnlock,3490,06/22/2020, 22:04:35,249
CARDUNLOK,CardUnlock,3490,06/22/2020, 23:04:24,249
CARDUNLOK,CardUnlock,3490,06/23/2020, 00:12:58,249
CARDUNLOK,CardUnlock,3490,06/23/2020, 01:05:16,249
CARDUNLOK,CardUnlock,3490,06/23/2020, 02:05:57,249
CARDUNLOK,CardUnlock,3490,06/23/2020, 03:04:56,249
CARDUNLOK,CardUnlock,3490,06/23/2020, 04:05:17,249
CARDUNLOK,CardUnlock,3491,06/23/2020, 05:06:06,249
CARDUNLOK,CardUnlock,3491,06/23/2020, 06:05:36,249
CARDUNLOK,CardUnlock,3491,06/23/2020, 07:05:05,249
CARDUNLOK,CardUnlock,3491,06/23/2020, 08:06:03,249
CARDUNLOK,CardUnlock,3491,06/23/2020, 09:04:48,249
CARDUNLOK,CardUnlock,3491,06/23/2020, 10:04:48,249
CARDUNLOK,CardUnlock,3491,06/23/2020, 11:04:37,249
CARDUNLOK,CardUnlock,3491,06/23/2020, 12:06:26,249
CARDUNLOK,CardUnlock,3491,06/23/2020, 13:04:46,249
CARDUNLOK,CardUnlock,3491,06/23/2020, 14:31:49,249
CARDUNLOK,CardUnlock,3491,06/23/2020, 15:05:00,249
CARDUNLOK,CardUnlock,3491,06/23/2020, 16:05:01,249
CARDUNLOK,CardUnlock,3491,06/23/2020, 17:04:46,249
CARDUNLOK,CardUnlock,3491,06/23/2020, 18:05:13,249
CARDUNLOK,CardUnlock,3491,06/23/2020, 19:04:32,249
CARDUNLOK,CardUnlock,3491,06/23/2020, 20:05:30,249
CARDUNLOK,CardUnlock,3491,06/23/2020, 21:04:46,249
CARDUNLOK,CardUnlock,3492,06/23/2020, 22:04:35,249
CARDUNLOK,CardUnlock,3492,06/23/2020, 23:04:23,249
CARDUNLOK,CardUnlock,3492,06/24/2020, 00:12:39,249
CARDUNLOK,CardUnlock,3492,06/24/2020, 01:05:34,249
CARDUNLOK,CardUnlock,3492,06/24/2020, 02:06:20,249
CARDUNLOK,CardUnlock,3492,06/24/2020, 03:04:45,249
CARDUNLOK,CardUnlock,3492,06/24/2020, 04:06:00,249
CARDUNLOK,CardUnlock,3492,06/24/2020, 05:04:54,249
CARDUNLOK,CardUnlock,3492,06/24/2020, 06:05:16,249
CARDUNLOK,CardUnlock,3492,06/24/2020, 07:05:18,249
CARDUNLOK,CardUnlock,3492,06/24/2020, 08:05:48,249
CARDUNLOK,CardUnlock,3492,06/24/2020, 09:04:55,249
CARDUNLOK,CardUnlock,3493,06/24/2020, 10:04:47,249
CARDUNLOK,CardUnlock,3493,06/24/2020, 11:04:57,249
CARDUNLOK,CardUnlock,3493,06/24/2020, 12:06:27,249
CARDUNLOK,CardUnlock,3494,06/24/2020, 13:05:08,249
CARDUNLOK,CardUnlock,3494,06/24/2020, 14:05:04,249
CARDUNLOK,CardUnlock,3494,06/24/2020, 15:06:28,249
CARDUNLOK,CardUnlock,3494,06/24/2020, 16:05:09,249
CARDUNLOK,CardUnlock,3494,06/24/2020, 17:05:41,249
CARDUNLOK,CardUnlock,3494,06/24/2020, 18:04:53,249
CARDUNLOK,CardUnlock,3494,06/24/2020, 19:04:45,249
CARDUNLOK,CardUnlock,3494,06/24/2020, 20:05:14,249
CARDUNLOK,CardUnlock,3494,06/24/2020, 21:06:44,249
CARDUNLOK,CardUnlock,3494,06/24/2020, 22:04:52,249
CARDUNLOK,CardUnlock,3494,06/24/2020, 23:04:55,249
CARDUNLOK,CardUnlock,3494,06/25/2020, 00:13:08,249
CARDUNLOK,CardUnlock,3494,06/25/2020, 01:05:36,249
CARDUNLOK,CardUnlock,3494,06/25/2020, 02:06:05,249
CARDUNLOK,CardUnlock,3494,06/25/2020, 03:04:48,249
CARDUNLOK,CardUnlock,3494,06/25/2020, 04:07:10,249
CARDUNLOK,CardUnlock,3494,06/25/2020, 05:05:45,249
CARDUNLOK,CardUnlock,3494,06/25/2020, 06:13:28,249
CARDUNLOK,CardUnlock,3494,06/25/2020, 07:05:45,249
CARDUNLOK,CardUnlock,3494,06/25/2020, 08:05:40,249
CARDUNLOK,CardUnlock,3494,06/25/2020, 09:05:13,249
CARDUNLOK,CardUnlock,3494,06/25/2020, 10:04:59,249
CARDUNLOK,CardUnlock,3495,06/25/2020, 11:04:54,249
CARDUNLOK,CardUnlock,3495,06/25/2020, 12:06:33,249
CARDUNLOK,CardUnlock,3495,06/25/2020, 13:04:48,249
CARDUNLOK,CardUnlock,3495,06/25/2020, 14:04:58,249
CARDUNLOK,CardUnlock,3495,06/25/2020, 15:04:55,249
CARDUNLOK,CardUnlock,3495,06/25/2020, 16:05:03,249
CARDUNLOK,CardUnlock,3495,06/25/2020, 17:05:42,249
CARDUNLOK,CardUnlock,3495,06/25/2020, 18:07:17,249
CARDUNLOK,CardUnlock,3495,06/25/2020, 19:04:48,249
CARDUNLOK,CardUnlock,3495,06/25/2020, 20:06:34,249
CARDUNLOK,CardUnlock,3495,06/25/2020, 21:04:48,249
CARDUNLOK,CardUnlock,3495,06/25/2020, 22:06:40,249
CARDUNLOK,CardUnlock,3495,06/25/2020, 23:04:37,249
CARDUNLOK,CardUnlock,3495,06/26/2020, 00:13:15,249
CARDUNLOK,CardUnlock,3495,06/26/2020, 01:05:22,249
CARDUNLOK,CardUnlock,3495,06/26/2020, 02:05:42,249
CARDUNLOK,CardUnlock,3495,06/26/2020, 03:05:08,249
CARDUNLOK,CardUnlock,3495,06/26/2020, 04:05:16,249
CARDUNLOK,CardUnlock,3495,06/26/2020, 05:05:03,249
CARDUNLOK,CardUnlock,3495,06/26/2020, 06:06:20,249
CARDUNLOK,CardUnlock,3495,06/26/2020, 07:04:51,249
CARDUNLOK,CardUnlock,3495,06/26/2020, 08:05:48,249
CARDUNLOK,CardUnlock,3495,06/26/2020, 09:05:07,249
CARDUNLOK,CardUnlock,3495,06/26/2020, 10:04:59,249
CARDUNLOK,CardUnlock,3495,06/26/2020, 11:04:49,249
CARDUNLOK,CardUnlock,3495,06/26/2020, 12:06:56,249
CARDUNLOK,CardUnlock,3495,06/26/2020, 13:05:06,249
CARDUNLOK,CardUnlock,3495,06/26/2020, 14:04:54,249
CARDUNLOK,CardUnlock,3495,06/26/2020, 15:04:49,249
CARDUNLOK,CardUnlock,3495,06/26/2020, 16:05:04,249
CARDUNLOK,CardUnlock,3495,06/26/2020, 17:05:23,249
CARDUNLOK,CardUnlock,3495,06/26/2020, 18:05:21,249
CARDUNLOK,CardUnlock,3495,06/26/2020, 19:04:42,249
CARDUNLOK,CardUnlock,3495,06/26/2020, 20:05:47,249
CARDUNLOK,CardUnlock,3495,06/26/2020, 21:04:56,249
CARDUNLOK,CardUnlock,3495,06/26/2020, 22:04:48,249
CARDUNLOK,CardUnlock,3495,06/26/2020, 23:04:38,249
CARDUNLOK,CardUnlock,3495,06/27/2020, 00:13:15,249
CARDUNLOK,CardUnlock,3495,06/27/2020, 01:05:35,249
CARDUNLOK,CardUnlock,3495,06/27/2020, 02:07:18,249
CARDUNLOK,CardUnlock,3495,06/27/2020, 03:04:48,249
CARDUNLOK,CardUnlock,3495,06/27/2020, 04:07:48,249
CARDUNLOK,CardUnlock,3495,06/27/2020, 05:08:45,249
CARDUNLOK,CardUnlock,3495,06/27/2020, 06:05:58,249
CARDUNLOK,CardUnlock,3495,06/27/2020, 07:07:04,249
CARDUNLOK,CardUnlock,3495,06/27/2020, 08:06:57,249
CARDUNLOK,CardUnlock,3495,06/27/2020, 09:07:06,249
CARDUNLOK,CardUnlock,3495,06/27/2020, 10:06:55,249
CARDUNLOK,CardUnlock,3495,06/27/2020, 11:04:45,249
CARDUNLOK,CardUnlock,3495,06/27/2020, 12:06:05,249
CARDUNLOK,CardUnlock,3495,06/27/2020, 13:05:10,249
CARDUNLOK,CardUnlock,3495,06/27/2020, 14:05:46,249
CARDUNLOK,CardUnlock,3495,06/27/2020, 15:04:47,249
CARDUNLOK,CardUnlock,3495,06/27/2020, 16:05:12,249
CARDUNLOK,CardUnlock,3495,06/27/2020, 17:05:34,249
CARDUNLOK,CardUnlock,3495,06/27/2020, 18:05:25,249
CARDUNLOK,CardUnlock,3495,06/27/2020, 19:04:56,249
CARDUNLOK,CardUnlock,3495,06/27/2020, 20:05:37,249
CARDUNLOK,CardUnlock,3495,06/27/2020, 21:05:53,249
CARDUNLOK,CardUnlock,3495,06/27/2020, 22:05:04,249
CARDUNLOK,CardUnlock,3495,06/27/2020, 23:05:44,249
CARDUNLOK,CardUnlock,3495,06/28/2020, 00:14:11,249
CARDUNLOK,CardUnlock,3495,06/28/2020, 01:05:24,249
CARDUNLOK,CardUnlock,3495,06/28/2020, 02:06:01,249
CARDUNLOK,CardUnlock,3495,06/28/2020, 03:05:18,249
CARDUNLOK,CardUnlock,3495,06/28/2020, 04:06:19,249
CARDUNLOK,CardUnlock,3495,06/28/2020, 05:04:44,249
CARDUNLOK,CardUnlock,3495,06/28/2020, 06:06:43,249
CARDUNLOK,CardUnlock,3496,06/28/2020, 07:05:12,249
CARDUNLOK,CardUnlock,3496,06/28/2020, 08:05:32,249
CARDUNLOK,CardUnlock,3496,06/28/2020, 09:05:34,249
CARDUNLOK,CardUnlock,3496,06/28/2020, 10:05:06,249
CARDUNLOK,CardUnlock,3496,06/28/2020, 11:05:07,249
CARDUNLOK,CardUnlock,3496,06/28/2020, 12:06:10,249
CARDUNLOK,CardUnlock,3496,06/28/2020, 13:04:55,249
CARDUNLOK,CardUnlock,3496,06/28/2020, 14:07:57,249
CARDUNLOK,CardUnlock,3496,06/28/2020, 15:10:33,249
CARDUNLOK,CardUnlock,3496,06/28/2020, 16:05:02,249
CARDUNLOK,CardUnlock,3496,06/28/2020, 17:04:46,249
CARDUNLOK,CardUnlock,3496,06/28/2020, 18:05:06,249
CARDUNLOK,CardUnlock,3496,06/28/2020, 19:07:04,249
CARDUNLOK,CardUnlock,3496,06/28/2020, 20:05:15,249
CARDUNLOK,CardUnlock,3496,06/28/2020, 21:08:13,249
CARDUNLOK,CardUnlock,3496,06/28/2020, 22:07:08,249
CARDUNLOK,CardUnlock,3496,06/28/2020, 23:04:41,249
CARDUNLOK,CardUnlock,3496,06/29/2020, 00:13:46,249
CARDUNLOK,CardUnlock,3496,06/29/2020, 01:05:18,249
CARDUNLOK,CardUnlock,3496,06/29/2020, 02:05:51,249
CARDUNLOK,CardUnlock,3496,06/29/2020, 03:05:05,249
CARDUNLOK,CardUnlock,3496,06/29/2020, 04:05:13,249
CARDUNLOK,CardUnlock,3496,06/29/2020, 05:05:08,249
CARDUNLOK,CardUnlock,3496,06/29/2020, 06:05:33,249
CARDUNLOK,CardUnlock,3496,06/29/2020, 07:05:16,249
CARDUNLOK,CardUnlock,3496,06/29/2020, 08:05:45,249
CARDUNLOK,CardUnlock,3496,06/29/2020, 09:06:33,249
CARDUNLOK,CardUnlock,3496,06/29/2020, 11:05:30,249
CARDUNLOK,CardUnlock,3496,06/29/2020, 12:06:37,249
CARDUNLOK,CardUnlock,3497,06/29/2020, 13:04:58,249
CARDUNLOK,CardUnlock,3497,06/29/2020, 14:05:21,249
CARDUNLOK,CardUnlock,3497,06/29/2020, 15:04:50,249
CARDUNLOK,CardUnlock,3497,06/29/2020, 16:09:13,249
CARDUNLOK,CardUnlock,3497,06/29/2020, 17:05:23,249
CARDUNLOK,CardUnlock,3497,06/29/2020, 18:05:27,249
CARDUNLOK,CardUnlock,3497,06/29/2020, 19:04:50,249
CARDUNLOK,CardUnlock,3497,06/29/2020, 20:05:41,249
CARDUNLOK,CardUnlock,3497,06/29/2020, 21:05:10,249
CARDUNLOK,CardUnlock,3497,06/29/2020, 22:04:55,249
CARDUNLOK,CardUnlock,3497,06/29/2020, 23:04:56,249
CARDUNLOK,CardUnlock,3497,06/30/2020, 00:13:24,249
CARDUNLOK,CardUnlock,3497,06/30/2020, 01:05:14,249
CARDUNLOK,CardUnlock,3497,06/30/2020, 02:05:48,249
CARDUNLOK,CardUnlock,3497,06/30/2020, 03:04:54,249
CARDUNLOK,CardUnlock,3497,06/30/2020, 04:05:57,249
CARDUNLOK,CardUnlock,3497,06/30/2020, 05:05:05,249
CARDUNLOK,CardUnlock,3497,06/30/2020, 06:05:25,249
CARDUNLOK,CardUnlock,3497,06/30/2020, 07:05:08,249
CARDUNLOK,CardUnlock,3497,06/30/2020, 08:05:56,249
CARDUNLOK,CardUnlock,3497,06/30/2020, 09:05:08,249
CARDUNLOK,CardUnlock,3497,06/30/2020, 10:05:06,249
CARDUNLOK,CardUnlock,3497,06/30/2020, 11:04:51,249
CARDUNLOK,CardUnlock,3497,06/30/2020, 12:06:27,249
CARDUNLOK,CardUnlock,3497,06/30/2020, 13:04:51,249
CARDUNLOK,CardUnlock,3497,06/30/2020, 14:31:49,249
CARDUNLOK,CardUnlock,3497,06/30/2020, 15:05:08,249
CARDUNLOK,CardUnlock,3497,06/30/2020, 16:05:36,249
CARDUNLOK,CardUnlock,3497,06/30/2020, 17:04:50,249
CARDUNLOK,CardUnlock,3497,06/30/2020, 18:05:28,249
CARDUNLOK,CardUnlock,3497,06/30/2020, 19:04:44,249
CARDUNLOK,CardUnlock,3497,06/30/2020, 20:06:49,249
CARDUNLOK,CardUnlock,3497,06/30/2020, 21:05:21,249
CARDUNLOK,CardUnlock,3497,06/30/2020, 22:05:55,249
CARDUNLOK,CardUnlock,3497,06/30/2020, 23:05:36,249
CARDUNLOK,CardUnlock,3497,07/01/2020, 00:16:39,249
CARDUNLOK,CardUnlock,3497,07/01/2020, 01:06:32,249
CARDUNLOK,CardUnlock,3497,07/01/2020, 02:06:28,249
CARDUNLOK,CardUnlock,3497,07/01/2020, 03:06:11,249
CARDUNLOK,CardUnlock,3498,07/01/2020, 04:06:17,249
CARDUNLOK,CardUnlock,3498,07/01/2020, 05:05:51,249
CARDUNLOK,CardUnlock,3498,07/01/2020, 06:06:43,249
CARDUNLOK,CardUnlock,3498,07/01/2020, 07:07:33,249
CARDUNLOK,CardUnlock,3498,07/01/2020, 08:06:39,249
CARDUNLOK,CardUnlock,3498,07/01/2020, 09:06:12,249
CARDUNLOK,CardUnlock,3498,07/01/2020, 10:06:10,249
CARDUNLOK,CardUnlock,3498,07/01/2020, 11:05:30,249
CARDUNLOK,CardUnlock,3498,07/01/2020, 12:07:52,249
CARDUNLOK,CardUnlock,3498,07/01/2020, 13:04:53,249
CARDUNLOK,CardUnlock,3498,07/01/2020, 14:05:37,249
CARDUNLOK,CardUnlock,3498,07/01/2020, 15:05:58,249
CARDUNLOK,CardUnlock,3498,07/01/2020, 16:06:26,249
CARDUNLOK,CardUnlock,3499,07/01/2020, 17:06:02,249
CARDUNLOK,CardUnlock,3500,07/01/2020, 18:06:16,249
CARDUNLOK,CardUnlock,3500,07/01/2020, 19:05:42,249
CARDUNLOK,CardUnlock,3500,07/01/2020, 20:07:12,249
CARDUNLOK,CardUnlock,3500,07/01/2020, 21:05:41,249
CARDUNLOK,CardUnlock,3500,07/01/2020, 22:05:47,249
CARDUNLOK,CardUnlock,3500,07/01/2020, 23:05:40,249
CARDUNLOK,CardUnlock,3500,07/02/2020, 00:16:07,249
CARDUNLOK,CardUnlock,3500,07/02/2020, 01:07:00,249
CARDUNLOK,CardUnlock,3501,07/02/2020, 02:06:30,249
CARDUNLOK,CardUnlock,3501,07/02/2020, 03:06:19,249
CARDUNLOK,CardUnlock,3501,07/02/2020, 04:07:11,249
CARDUNLOK,CardUnlock,3501,07/02/2020, 05:05:56,249
CARDUNLOK,CardUnlock,3501,07/02/2020, 06:06:46,249
CARDUNLOK,CardUnlock,3501,07/02/2020, 07:05:44,249
CARDUNLOK,CardUnlock,3501,07/02/2020, 08:06:39,249
CARDUNLOK,CardUnlock,3501,07/02/2020, 09:05:48,249
CARDUNLOK,CardUnlock,3501,07/02/2020, 10:06:08,249
CARDUNLOK,CardUnlock,3501,07/02/2020, 11:05:35,249
CARDUNLOK,CardUnlock,3501,07/02/2020, 12:08:14,249
CARDUNLOK,CardUnlock,3501,07/02/2020, 13:06:14,249
CARDUNLOK,CardUnlock,3501,07/02/2020, 14:06:33,249
CARDUNLOK,CardUnlock,3501,07/02/2020, 15:05:56,249
CARDUNLOK,CardUnlock,3501,07/02/2020, 16:06:27,249
CARDUNLOK,CardUnlock,3501,07/02/2020, 17:06:10,249
CARDUNLOK,CardUnlock,3501,07/02/2020, 18:06:25,249
CARDUNLOK,CardUnlock,3502,07/02/2020, 19:05:40,249
CARDUNLOK,CardUnlock,3502,07/02/2020, 20:07:08,249
CARDUNLOK,CardUnlock,3502,07/02/2020, 21:05:36,249
CARDUNLOK,CardUnlock,3502,07/02/2020, 22:05:43,249
CARDUNLOK,CardUnlock,3503,07/02/2020, 23:06:05,249
CARDUNLOK,CardUnlock,3503,07/03/2020, 00:16:47,249
CARDUNLOK,CardUnlock,3503,07/03/2020, 01:06:39,249
CARDUNLOK,CardUnlock,3503,07/03/2020, 02:06:38,249
CARDUNLOK,CardUnlock,3503,07/03/2020, 03:06:12,249
CARDUNLOK,CardUnlock,3503,07/03/2020, 04:06:36,249
CARDUNLOK,CardUnlock,3503,07/03/2020, 05:05:27,249
CARDUNLOK,CardUnlock,3503,07/03/2020, 06:06:22,249
CARDUNLOK,CardUnlock,3503,07/03/2020, 07:05:50,249
CARDUNLOK,CardUnlock,3503,07/03/2020, 08:06:44,249
CARDUNLOK,CardUnlock,3503,07/03/2020, 09:06:07,249
CARDUNLOK,CardUnlock,3503,07/03/2020, 10:06:11,249
CARDUNLOK,CardUnlock,3503,07/03/2020, 11:05:22,249
CARDUNLOK,CardUnlock,3503,07/03/2020, 12:08:38,249
CARDUNLOK,CardUnlock,3503,07/03/2020, 13:05:52,249
CARDUNLOK,CardUnlock,3503,07/03/2020, 14:06:37,249
CARDUNLOK,CardUnlock,3503,07/03/2020, 15:05:40,249
CARDUNLOK,CardUnlock,3503,07/03/2020, 16:06:35,249
CARDUNLOK,CardUnlock,3503,07/03/2020, 17:05:42,249
CARDUNLOK,CardUnlock,3503,07/03/2020, 18:06:27,249
CARDUNLOK,CardUnlock,3503,07/03/2020, 19:05:21,249
CARDUNLOK,CardUnlock,3503,07/03/2020, 20:06:54,249
CARDUNLOK,CardUnlock,3503,07/03/2020, 21:05:43,249
CARDUNLOK,CardUnlock,3504,07/03/2020, 22:06:04,249
CARDUNLOK,CardUnlock,3504,07/03/2020, 23:05:33,249
CARDUNLOK,CardUnlock,3504,07/04/2020, 00:16:09,249
CARDUNLOK,CardUnlock,3504,07/04/2020, 01:06:31,249
CARDUNLOK,CardUnlock,3504,07/04/2020, 02:06:28,249
CARDUNLOK,CardUnlock,3504,07/04/2020, 03:05:52,249
CARDUNLOK,CardUnlock,3504,07/04/2020, 04:06:48,249
CARDUNLOK,CardUnlock,3505,07/04/2020, 05:05:43,249
CARDUNLOK,CardUnlock,3505,07/04/2020, 06:06:37,249
CARDUNLOK,CardUnlock,3505,07/04/2020, 07:06:03,249
CARDUNLOK,CardUnlock,3505,07/04/2020, 08:07:09,249
CARDUNLOK,CardUnlock,3505,07/04/2020, 09:05:33,249
CARDUNLOK,CardUnlock,3505,07/04/2020, 10:06:10,249
CARDUNLOK,CardUnlock,3505,07/04/2020, 11:05:43,249
CARDUNLOK,CardUnlock,3505,07/04/2020, 12:07:42,249
CARDUNLOK,CardUnlock,3505,07/04/2020, 13:06:05,249
CARDUNLOK,CardUnlock,3505,07/04/2020, 14:08:00,249
CARDUNLOK,CardUnlock,3506,07/04/2020, 15:05:42,249
CARDUNLOK,CardUnlock,3506,07/04/2020, 16:06:17,249
CARDUNLOK,CardUnlock,3506,07/04/2020, 17:06:33,249
CARDUNLOK,CardUnlock,3506,07/04/2020, 18:06:27,249
CARDUNLOK,CardUnlock,3506,07/04/2020, 19:05:22,249
CARDUNLOK,CardUnlock,3507,07/04/2020, 20:06:44,249
CARDUNLOK,CardUnlock,3507,07/04/2020, 21:05:42,249
CARDUNLOK,CardUnlock,3507,07/04/2020, 22:06:16,249
CARDUNLOK,CardUnlock,3507,07/04/2020, 23:06:10,249
CARDUNLOK,CardUnlock,3507,07/05/2020, 00:17:08,249
CARDUNLOK,CardUnlock,3507,07/05/2020, 01:06:44,249
CARDUNLOK,CardUnlock,3507,07/05/2020, 02:06:28,249
CARDUNLOK,CardUnlock,3507,07/05/2020, 03:05:53,249
CARDUNLOK,CardUnlock,3507,07/05/2020, 04:06:30,249
CARDUNLOK,CardUnlock,3507,07/05/2020, 05:05:38,249
CARDUNLOK,CardUnlock,3507,07/05/2020, 06:06:35,249
CARDUNLOK,CardUnlock,3507,07/05/2020, 07:06:06,249
CARDUNLOK,CardUnlock,3507,07/05/2020, 08:06:26,249
CARDUNLOK,CardUnlock,3507,07/05/2020, 09:05:49,249
CARDUNLOK,CardUnlock,3507,07/05/2020, 10:06:51,249
CARDUNLOK,CardUnlock,3507,07/05/2020, 11:05:40,249
CARDUNLOK,CardUnlock,3507,07/05/2020, 12:07:48,249
CARDUNLOK,CardUnlock,3507,07/05/2020, 13:07:05,249
CARDUNLOK,CardUnlock,3507,07/05/2020, 14:06:21,249
CARDUNLOK,CardUnlock,3508,07/05/2020, 15:05:46,249
CARDUNLOK,CardUnlock,3509,07/05/2020, 16:06:30,249
CARDUNLOK,CardUnlock,3509,07/05/2020, 17:05:44,249
CARDUNLOK,CardUnlock,3509,07/05/2020, 18:06:32,249
CARDUNLOK,CardUnlock,3509,07/05/2020, 19:05:29,249
CARDUNLOK,CardUnlock,3509,07/05/2020, 20:06:50,249
CARDUNLOK,CardUnlock,3509,07/05/2020, 21:05:43,249
CARDUNLOK,CardUnlock,3509,07/05/2020, 22:06:14,249
CARDUNLOK,CardUnlock,3509,07/05/2020, 23:06:02,249
CARDUNLOK,CardUnlock,3510,07/06/2020, 00:16:38,249
CARDUNLOK,CardUnlock,3510,07/06/2020, 01:06:36,249
CARDUNLOK,CardUnlock,3510,07/06/2020, 02:06:39,249
CARDUNLOK,CardUnlock,3510,07/06/2020, 03:05:57,249
CARDUNLOK,CardUnlock,3510,07/06/2020, 04:06:24,249
CARDUNLOK,CardUnlock,3510,07/06/2020, 05:05:41,249
CARDUNLOK,CardUnlock,3510,07/06/2020, 06:06:40,249
CARDUNLOK,CardUnlock,3510,07/06/2020, 07:06:02,249
CARDUNLOK,CardUnlock,3510,07/06/2020, 08:06:56,249
CARDUNLOK,CardUnlock,3510,07/06/2020, 09:06:25,249
CARDUNLOK,CardUnlock,3510,07/06/2020, 10:06:05,249
CARDUNLOK,CardUnlock,3510,07/06/2020, 11:05:35,249
CARDUNLOK,CardUnlock,3510,07/06/2020, 12:08:23,249
CARDUNLOK,CardUnlock,3510,07/06/2020, 13:05:56,249
CARDUNLOK,CardUnlock,3510,07/06/2020, 14:06:30,249
CARDUNLOK,CardUnlock,3510,07/06/2020, 15:05:58,249
CARDUNLOK,CardUnlock,3510,07/06/2020, 16:06:31,249
CARDUNLOK,CardUnlock,3510,07/06/2020, 17:06:00,249
CARDUNLOK,CardUnlock,3510,07/06/2020, 18:06:33,249
CARDUNLOK,CardUnlock,3510,07/06/2020, 19:05:38,249
CARDUNLOK,CardUnlock,3510,07/06/2020, 20:07:03,249
CARDUNLOK,CardUnlock,3510,07/06/2020, 21:05:56,249
CARDUNLOK,CardUnlock,3510,07/06/2020, 22:05:50,249
CARDUNLOK,CardUnlock,3510,07/06/2020, 23:05:47,249
CARDUNLOK,CardUnlock,3511,07/07/2020, 00:16:23,249
CARDUNLOK,CardUnlock,3511,07/07/2020, 01:06:24,249
CARDUNLOK,CardUnlock,3511,07/07/2020, 02:06:20,249
CARDUNLOK,CardUnlock,3511,07/07/2020, 03:05:49,249
CARDUNLOK,CardUnlock,3511,07/07/2020, 04:06:22,249
CARDUNLOK,CardUnlock,3511,07/07/2020, 05:05:42,249
CARDUNLOK,CardUnlock,3511,07/07/2020, 06:06:34,249
CARDUNLOK,CardUnlock,3511,07/07/2020, 07:06:15,249
CARDUNLOK,CardUnlock,3511,07/07/2020, 08:06:30,249
CARDUNLOK,CardUnlock,3511,07/07/2020, 09:06:00,249
CARDUNLOK,CardUnlock,3511,07/07/2020, 10:06:05,249
CARDUNLOK,CardUnlock,3511,07/07/2020, 11:05:31,249
CARDUNLOK,CardUnlock,3511,07/07/2020, 12:07:39,249
CARDUNLOK,CardUnlock,3511,07/07/2020, 13:06:00,249
CARDUNLOK,CardUnlock,3511,07/07/2020, 14:06:51,249
CARDUNLOK,CardUnlock,3511,07/07/2020, 15:05:46,249
CARDUNLOK,CardUnlock,3511,07/07/2020, 16:06:17,249
CARDUNLOK,CardUnlock,3511,07/07/2020, 17:05:53,249
CARDUNLOK,CardUnlock,3511,07/07/2020, 18:06:16,249
CARDUNLOK,CardUnlock,3511,07/07/2020, 19:05:20,249
CARDUNLOK,CardUnlock,3511,07/07/2020, 20:06:51,249
CARDUNLOK,CardUnlock,3511,07/07/2020, 21:05:53,249
CARDUNLOK,CardUnlock,3511,07/07/2020, 22:05:45,249
CARDUNLOK,CardUnlock,3511,07/07/2020, 23:05:55,249
CARDUNLOK,CardUnlock,3511,07/08/2020, 00:16:20,249
CARDUNLOK,CardUnlock,3511,07/08/2020, 01:06:24,249
CARDUNLOK,CardUnlock,3511,07/08/2020, 02:06:25,249
CARDUNLOK,CardUnlock,3511,07/08/2020, 03:05:47,249
CARDUNLOK,CardUnlock,3511,07/08/2020, 04:06:13,249
CARDUNLOK,CardUnlock,3511,07/08/2020, 05:06:03,249
CARDUNLOK,CardUnlock,3511,07/08/2020, 06:06:36,249
CARDUNLOK,CardUnlock,3511,07/08/2020, 07:06:11,249
CARDUNLOK,CardUnlock,3512,07/08/2020, 08:07:03,249
CARDUNLOK,CardUnlock,3512,07/08/2020, 09:06:05,249
CARDUNLOK,CardUnlock,3512,07/08/2020, 10:06:01,249
CARDUNLOK,CardUnlock,3512,07/08/2020, 11:05:30,249
CARDUNLOK,CardUnlock,3512,07/08/2020, 12:07:53,249
CARDUNLOK,CardUnlock,3513,07/08/2020, 13:05:57,249
CARDUNLOK,CardUnlock,3513,07/08/2020, 14:06:30,249
CARDUNLOK,CardUnlock,3513,07/08/2020, 15:05:55,249
CARDUNLOK,CardUnlock,3513,07/08/2020, 16:06:20,249
CARDUNLOK,CardUnlock,3513,07/08/2020, 17:06:02,249
CARDUNLOK,CardUnlock,3513,07/08/2020, 18:06:27,249
CARDUNLOK,CardUnlock,3513,07/08/2020, 19:05:48,249
CARDUNLOK,CardUnlock,3513,07/08/2020, 20:07:16,249
CARDUNLOK,CardUnlock,3513,07/08/2020, 21:05:45,249
CARDUNLOK,CardUnlock,3513,07/08/2020, 22:05:44,249
CARDUNLOK,CardUnlock,3513,07/08/2020, 23:06:04,249
CARDUNLOK,CardUnlock,3513,07/09/2020, 00:16:42,249
CARDUNLOK,CardUnlock,3513,07/09/2020, 01:06:17,249
CARDUNLOK,CardUnlock,3513,07/09/2020, 02:06:41,249
CARDUNLOK,CardUnlock,3513,07/09/2020, 03:06:10,249
CARDUNLOK,CardUnlock,3513,07/09/2020, 04:06:45,249
CARDUNLOK,CardUnlock,3513,07/09/2020, 05:05:57,249
CARDUNLOK,CardUnlock,3513,07/09/2020, 06:06:28,249
CARDUNLOK,CardUnlock,3513,07/09/2020, 07:05:57,249
CARDUNLOK,CardUnlock,3513,07/09/2020, 08:06:18,249
CARDUNLOK,CardUnlock,3513,07/09/2020, 09:05:43,249
CARDUNLOK,CardUnlock,3514,07/09/2020, 10:06:05,249
CARDUNLOK,CardUnlock,3514,07/09/2020, 11:05:36,249
CARDUNLOK,CardUnlock,3514,07/09/2020, 12:08:03,249
CARDUNLOK,CardUnlock,3514,07/09/2020, 13:06:02,249
CARDUNLOK,CardUnlock,3514,07/09/2020, 14:06:52,249
CARDUNLOK,CardUnlock,3514,07/09/2020, 15:06:10,249
CARDUNLOK,CardUnlock,3514,07/09/2020, 16:06:21,249
CARDUNLOK,CardUnlock,3514,07/09/2020, 17:06:13,249
CARDUNLOK,CardUnlock,3514,07/09/2020, 18:06:43,249
CARDUNLOK,CardUnlock,3514,07/09/2020, 19:05:44,249
CARDUNLOK,CardUnlock,3514,07/09/2020, 20:06:59,249
CARDUNLOK,CardUnlock,3514,07/09/2020, 21:06:05,249
CARDUNLOK,CardUnlock,3514,07/09/2020, 22:06:06,249
CARDUNLOK,CardUnlock,3514,07/09/2020, 23:05:51,249
CARDUNLOK,CardUnlock,3514,07/10/2020, 00:16:56,249
CARDUNLOK,CardUnlock,3514,07/10/2020, 01:06:56,249
CARDUNLOK,CardUnlock,3514,07/10/2020, 02:06:51,249
CARDUNLOK,CardUnlock,3514,07/10/2020, 03:06:16,249
CARDUNLOK,CardUnlock,3514,07/10/2020, 04:06:43,249
CARDUNLOK,CardUnlock,3514,07/10/2020, 05:05:43,249
CARDUNLOK,CardUnlock,3514,07/10/2020, 06:06:35,249
CARDUNLOK,CardUnlock,3514,07/10/2020, 07:06:22,249
CARDUNLOK,CardUnlock,3514,07/10/2020, 08:07:09,249
CARDUNLOK,CardUnlock,3514,07/10/2020, 09:06:34,249
CARDUNLOK,CardUnlock,3514,07/10/2020, 10:05:57,249
CARDUNLOK,CardUnlock,3514,07/10/2020, 11:05:54,249
CARDUNLOK,CardUnlock,3514,07/10/2020, 12:08:53,249
CARDUNLOK,CardUnlock,3514,07/10/2020, 13:05:56,249
CARDUNLOK,CardUnlock,3514,07/10/2020, 14:06:49,249
CARDUNLOK,CardUnlock,3514,07/10/2020, 15:06:01,249
CARDUNLOK,CardUnlock,3514,07/10/2020, 16:06:24,249
CARDUNLOK,CardUnlock,3514,07/10/2020, 17:05:48,249
CARDUNLOK,CardUnlock,3515,07/10/2020, 18:06:45,249
CARDUNLOK,CardUnlock,3515,07/10/2020, 19:05:45,249
CARDUNLOK,CardUnlock,3515,07/10/2020, 20:07:06,249
CARDUNLOK,CardUnlock,3515,07/10/2020, 21:05:58,249
CARDUNLOK,CardUnlock,3515,07/10/2020, 22:05:54,249
CARDUNLOK,CardUnlock,3515,07/10/2020, 23:06:09,249
CARDUNLOK,CardUnlock,3515,07/11/2020, 00:16:59,249
CARDUNLOK,CardUnlock,3515,07/11/2020, 01:06:40,249
CARDUNLOK,CardUnlock,3515,07/11/2020, 02:06:46,249
CARDUNLOK,CardUnlock,3515,07/11/2020, 03:06:08,249
CARDUNLOK,CardUnlock,3515,07/11/2020, 04:06:31,249
CARDUNLOK,CardUnlock,3515,07/11/2020, 05:05:35,249
CARDUNLOK,CardUnlock,3515,07/11/2020, 06:06:58,249
CARDUNLOK,CardUnlock,3515,07/11/2020, 07:06:31,249
CARDUNLOK,CardUnlock,3515,07/11/2020, 08:06:47,249
CARDUNLOK,CardUnlock,3515,07/11/2020, 09:06:06,249
CARDUNLOK,CardUnlock,3515,07/11/2020, 10:06:17,249
CARDUNLOK,CardUnlock,3515,07/11/2020, 11:05:57,249
CARDUNLOK,CardUnlock,3515,07/11/2020, 12:07:58,249
CARDUNLOK,CardUnlock,3515,07/11/2020, 13:06:21,249
CARDUNLOK,CardUnlock,3515,07/11/2020, 14:06:58,249
CARDUNLOK,CardUnlock,3515,07/11/2020, 15:05:43,249
CARDUNLOK,CardUnlock,3515,07/11/2020, 16:06:35,249
CARDUNLOK,CardUnlock,3515,07/11/2020, 17:05:52,249
CARDUNLOK,CardUnlock,3515,07/11/2020, 18:06:29,249
CARDUNLOK,CardUnlock,3515,07/11/2020, 19:06:06,249
CARDUNLOK,CardUnlock,3515,07/11/2020, 20:07:25,249
CARDUNLOK,CardUnlock,3515,07/11/2020, 21:06:09,249
CARDUNLOK,CardUnlock,3515,07/11/2020, 22:06:06,249
CARDUNLOK,CardUnlock,3515,07/11/2020, 23:06:03,249
CARDUNLOK,CardUnlock,3515,07/12/2020, 00:17:48,249
CARDUNLOK,CardUnlock,3515,07/12/2020, 01:06:34,249
CARDUNLOK,CardUnlock,3515,07/12/2020, 02:06:35,249
CARDUNLOK,CardUnlock,3515,07/12/2020, 03:06:36,249
CARDUNLOK,CardUnlock,3515,07/12/2020, 04:06:49,249
CARDUNLOK,CardUnlock,3516,07/12/2020, 05:05:52,249
CARDUNLOK,CardUnlock,3516,07/12/2020, 06:06:57,249
CARDUNLOK,CardUnlock,3516,07/12/2020, 07:06:07,249
CARDUNLOK,CardUnlock,3516,07/12/2020, 08:06:29,249
CARDUNLOK,CardUnlock,3516,07/12/2020, 09:05:59,249
CARDUNLOK,CardUnlock,3516,07/12/2020, 10:06:20,249
CARDUNLOK,CardUnlock,3516,07/12/2020, 11:05:42,249
CARDUNLOK,CardUnlock,3516,07/12/2020, 12:08:14,249
CARDUNLOK,CardUnlock,3516,07/12/2020, 13:06:01,249
CARDUNLOK,CardUnlock,3516,07/12/2020, 14:06:41,249
CARDUNLOK,CardUnlock,3516,07/12/2020, 15:06:03,249
CARDUNLOK,CardUnlock,3517,07/12/2020, 16:06:18,249
CARDUNLOK,CardUnlock,3517,07/12/2020, 17:06:03,249
CARDUNLOK,CardUnlock,3517,07/12/2020, 18:06:52,249
CARDUNLOK,CardUnlock,3517,07/12/2020, 19:05:41,249
CARDUNLOK,CardUnlock,3518,07/12/2020, 20:07:04,249
CARDUNLOK,CardUnlock,3518,07/12/2020, 21:06:00,249
CARDUNLOK,CardUnlock,3518,07/12/2020, 22:06:01,249
CARDUNLOK,CardUnlock,3518,07/12/2020, 23:06:13,249
CARDUNLOK,CardUnlock,3518,07/13/2020, 00:17:20,249
CARDUNLOK,CardUnlock,3518,07/13/2020, 01:06:52,249
CARDUNLOK,CardUnlock,3518,07/13/2020, 02:06:53,249
CARDUNLOK,CardUnlock,3518,07/13/2020, 03:06:51,249
CARDUNLOK,CardUnlock,3518,07/13/2020, 04:06:55,249
CARDUNLOK,CardUnlock,3518,07/13/2020, 05:08:11,249
CARDUNLOK,CardUnlock,3518,07/13/2020, 07:07:36,249
CARDUNLOK,CardUnlock,3518,07/13/2020, 09:06:24,249
CARDUNLOK,CardUnlock,3518,07/13/2020, 10:06:21,249
CARDUNLOK,CardUnlock,3518,07/13/2020, 11:05:53,249
CARDUNLOK,CardUnlock,3518,07/13/2020, 12:08:01,249
CARDUNLOK,CardUnlock,3518,07/13/2020, 13:06:08,249
CARDUNLOK,CardUnlock,3518,07/13/2020, 14:07:06,249
CARDUNLOK,CardUnlock,3518,07/13/2020, 15:06:07,249
CARDUNLOK,CardUnlock,3518,07/13/2020, 16:06:22,249
CARDUNLOK,CardUnlock,3518,07/13/2020, 17:05:48,249
CARDUNLOK,CardUnlock,3518,07/13/2020, 18:06:49,249
CARDUNLOK,CardUnlock,3519,07/13/2020, 19:05:44,249
CARDUNLOK,CardUnlock,3519,07/13/2020, 20:07:14,249
CARDUNLOK,CardUnlock,3519,07/13/2020, 21:06:08,249
CARDUNLOK,CardUnlock,3519,07/13/2020, 22:06:06,249
CARDUNLOK,CardUnlock,3519,07/13/2020, 23:05:58,249
CARDUNLOK,CardUnlock,3519,07/14/2020, 00:17:08,249
CARDUNLOK,CardUnlock,3519,07/14/2020, 01:06:36,249
CARDUNLOK,CardUnlock,3519,07/14/2020, 02:07:10,249
CARDUNLOK,CardUnlock,3519,07/14/2020, 03:06:29,249
CARDUNLOK,CardUnlock,3519,07/14/2020, 04:06:26,249
CARDUNLOK,CardUnlock,3519,07/14/2020, 05:06:05,249
CARDUNLOK,CardUnlock,3519,07/14/2020, 06:06:55,249
CARDUNLOK,CardUnlock,3519,07/14/2020, 07:06:18,249
CARDUNLOK,CardUnlock,3519,07/14/2020, 08:06:49,249
CARDUNLOK,CardUnlock,3519,07/14/2020, 09:06:25,249
CARDUNLOK,CardUnlock,3519,07/14/2020, 10:06:12,249
CARDUNLOK,CardUnlock,3519,07/14/2020, 11:05:55,249
CARDUNLOK,CardUnlock,3519,07/14/2020, 12:08:53,249
CARDUNLOK,CardUnlock,3519,07/14/2020, 13:07:00,249
CARDUNLOK,CardUnlock,3519,07/14/2020, 14:35:45,249
CARDUNLOK,CardUnlock,3519,07/14/2020, 15:06:15,249
CARDUNLOK,CardUnlock,3519,07/14/2020, 16:06:26,249
CARDUNLOK,CardUnlock,3519,07/14/2020, 17:05:59,249
CARDUNLOK,CardUnlock,3519,07/14/2020, 18:06:45,249
CARDUNLOK,CardUnlock,3519,07/14/2020, 19:06:06,249
CARDUNLOK,CardUnlock,3519,07/14/2020, 20:06:57,249
CARDUNLOK,CardUnlock,3519,07/14/2020, 21:05:19,249
CARDUNLOK,CardUnlock,3519,07/14/2020, 22:06:00,249
CARDUNLOK,CardUnlock,3519,07/14/2020, 23:06:16,249
CARDUNLOK,CardUnlock,3519,07/15/2020, 00:17:28,249
CARDUNLOK,CardUnlock,3519,07/15/2020, 01:06:56,249
CARDUNLOK,CardUnlock,3519,07/15/2020, 02:06:53,249
CARDUNLOK,CardUnlock,3519,07/15/2020, 03:06:31,249
CARDUNLOK,CardUnlock,3519,07/15/2020, 04:06:27,249
CARDUNLOK,CardUnlock,3519,07/15/2020, 05:05:48,249
CARDUNLOK,CardUnlock,3519,07/15/2020, 06:07:18,249
CARDUNLOK,CardUnlock,3519,07/15/2020, 07:06:51,249
CARDUNLOK,CardUnlock,3519,07/15/2020, 08:06:48,249
CARDUNLOK,CardUnlock,3519,07/15/2020, 09:06:36,249
CARDUNLOK,CardUnlock,3519,07/15/2020, 10:06:10,249
CARDUNLOK,CardUnlock,3519,07/15/2020, 11:06:01,249
CARDUNLOK,CardUnlock,3519,07/15/2020, 12:08:00,249
CARDUNLOK,CardUnlock,3519,07/15/2020, 13:05:58,249
CARDUNLOK,CardUnlock,3519,07/15/2020, 14:06:45,249
CARDUNLOK,CardUnlock,3519,07/15/2020, 15:06:20,249
CARDUNLOK,CardUnlock,3519,07/15/2020, 16:06:26,249
CARDUNLOK,CardUnlock,3519,07/15/2020, 17:05:54,249
CARDUNLOK,CardUnlock,3519,07/15/2020, 18:06:26,249
CARDUNLOK,CardUnlock,3519,07/15/2020, 19:05:07,249
CARDUNLOK,CardUnlock,3519,07/15/2020, 20:06:08,249
CARDUNLOK,CardUnlock,3519,07/15/2020, 21:05:54,249
CARDUNLOK,CardUnlock,3519,07/15/2020, 22:06:06,249
CARDUNLOK,CardUnlock,3520,07/15/2020, 23:06:06,249
CARDUNLOK,CardUnlock,3520,07/16/2020, 00:17:04,249
CARDUNLOK,CardUnlock,3520,07/16/2020, 01:06:37,249
CARDUNLOK,CardUnlock,3520,07/16/2020, 02:07:03,249
CARDUNLOK,CardUnlock,3520,07/16/2020, 03:06:32,249
CARDUNLOK,CardUnlock,3520,07/16/2020, 04:06:47,249
CARDUNLOK,CardUnlock,3520,07/16/2020, 05:05:58,249
CARDUNLOK,CardUnlock,3520,07/16/2020, 06:06:27,249
CARDUNLOK,CardUnlock,3520,07/16/2020, 07:06:21,249
CARDUNLOK,CardUnlock,3520,07/16/2020, 08:06:20,249
CARDUNLOK,CardUnlock,3520,07/16/2020, 09:06:39,249
CARDUNLOK,CardUnlock,3520,07/16/2020, 10:06:16,249
CARDUNLOK,CardUnlock,3520,07/16/2020, 11:05:47,249
CARDUNLOK,CardUnlock,3520,07/16/2020, 12:08:24,249
CARDUNLOK,CardUnlock,3520,07/16/2020, 13:06:13,249
CARDUNLOK,CardUnlock,3520,07/16/2020, 14:06:45,249
CARDUNLOK,CardUnlock,3520,07/16/2020, 15:06:23,249
CARDUNLOK,CardUnlock,3520,07/16/2020, 16:06:43,249
CARDUNLOK,CardUnlock,3520,07/16/2020, 17:06:29,249
CARDUNLOK,CardUnlock,3520,07/16/2020, 18:06:41,249
CARDUNLOK,CardUnlock,3520,07/16/2020, 19:05:54,249
CARDUNLOK,CardUnlock,3520,07/16/2020, 20:06:51,249
CARDUNLOK,CardUnlock,3520,07/16/2020, 21:06:14,249
CARDUNLOK,CardUnlock,3520,07/16/2020, 22:05:59,249
CARDUNLOK,CardUnlock,3520,07/16/2020, 23:07:00,249
CARDUNLOK,CardUnlock,3520,07/17/2020, 00:17:10,249
CARDUNLOK,CardUnlock,3520,07/17/2020, 01:07:04,249
CARDUNLOK,CardUnlock,3520,07/17/2020, 02:07:15,249
CARDUNLOK,CardUnlock,3520,07/17/2020, 03:06:36,249
CARDUNLOK,CardUnlock,3520,07/17/2020, 04:07:07,249
CARDUNLOK,CardUnlock,3520,07/17/2020, 05:05:59,249
CARDUNLOK,CardUnlock,3520,07/17/2020, 06:06:56,249
CARDUNLOK,CardUnlock,3520,07/17/2020, 07:06:23,249
CARDUNLOK,CardUnlock,3520,07/17/2020, 08:06:51,249
CARDUNLOK,CardUnlock,3520,07/17/2020, 09:06:22,249
CARDUNLOK,CardUnlock,3520,07/17/2020, 10:06:17,249
CARDUNLOK,CardUnlock,3521,07/17/2020, 11:05:50,249
CARDUNLOK,CardUnlock,3521,07/17/2020, 12:08:47,249
CARDUNLOK,CardUnlock,3521,07/17/2020, 13:06:07,249
CARDUNLOK,CardUnlock,3521,07/17/2020, 14:06:33,249
CARDUNLOK,CardUnlock,3521,07/17/2020, 15:05:59,249
CARDUNLOK,CardUnlock,3521,07/17/2020, 16:07:05,249
CARDUNLOK,CardUnlock,3522,07/17/2020, 17:05:49,249
CARDUNLOK,CardUnlock,3522,07/17/2020, 18:06:29,249
CARDUNLOK,CardUnlock,3522,07/17/2020, 19:06:05,249
CARDUNLOK,CardUnlock,3522,07/17/2020, 20:07:08,249
CARDUNLOK,CardUnlock,3522,07/17/2020, 21:05:32,249
CARDUNLOK,CardUnlock,3522,07/17/2020, 22:06:06,249
CARDUNLOK,CardUnlock,3522,07/17/2020, 23:06:04,249
CARDUNLOK,CardUnlock,3522,07/18/2020, 00:17:27,249
CARDUNLOK,CardUnlock,3522,07/18/2020, 01:06:51,249
CARDUNLOK,CardUnlock,3522,07/18/2020, 02:07:04,249
CARDUNLOK,CardUnlock,3523,07/18/2020, 03:06:33,249
CARDUNLOK,CardUnlock,3523,07/18/2020, 04:06:33,249
CARDUNLOK,CardUnlock,3523,07/18/2020, 05:05:58,249
CARDUNLOK,CardUnlock,3523,07/18/2020, 06:06:44,249
CARDUNLOK,CardUnlock,3523,07/18/2020, 07:06:28,249
CARDUNLOK,CardUnlock,3523,07/18/2020, 09:06:13,249
CARDUNLOK,CardUnlock,3523,07/18/2020, 10:06:10,249
CARDUNLOK,CardUnlock,3523,07/18/2020, 11:06:06,249
CARDUNLOK,CardUnlock,3523,07/18/2020, 12:08:03,249
CARDUNLOK,CardUnlock,3523,07/18/2020, 13:05:55,249
CARDUNLOK,CardUnlock,3523,07/18/2020, 14:06:26,249
CARDUNLOK,CardUnlock,3523,07/18/2020, 15:05:56,249
CARDUNLOK,CardUnlock,3523,07/18/2020, 16:06:18,249
CARDUNLOK,CardUnlock,3523,07/18/2020, 17:05:38,249
CARDUNLOK,CardUnlock,3523,07/18/2020, 18:06:52,249
CARDUNLOK,CardUnlock,3523,07/18/2020, 19:05:35,249
CARDUNLOK,CardUnlock,3523,07/18/2020, 20:07:09,249
CARDUNLOK,CardUnlock,3523,07/18/2020, 21:06:25,249
CARDUNLOK,CardUnlock,3523,07/18/2020, 22:05:52,249
CARDUNLOK,CardUnlock,3523,07/18/2020, 23:05:42,249
CARDUNLOK,CardUnlock,3523,07/19/2020, 00:18:09,249
CARDUNLOK,CardUnlock,3523,07/19/2020, 01:06:52,249
CARDUNLOK,CardUnlock,3523,07/19/2020, 02:07:01,249
CARDUNLOK,CardUnlock,3523,07/19/2020, 03:06:18,249
CARDUNLOK,CardUnlock,3523,07/19/2020, 04:06:49,249
CARDUNLOK,CardUnlock,3523,07/19/2020, 05:06:16,249
CARDUNLOK,CardUnlock,3523,07/19/2020, 06:07:15,249
CARDUNLOK,CardUnlock,3523,07/19/2020, 07:06:40,249
CARDUNLOK,CardUnlock,3523,07/19/2020, 08:06:25,249
CARDUNLOK,CardUnlock,3523,07/19/2020, 09:06:30,249
CARDUNLOK,CardUnlock,3523,07/19/2020, 10:06:17,249
CARDUNLOK,CardUnlock,3524,07/19/2020, 11:05:48,249
CARDUNLOK,CardUnlock,3524,07/19/2020, 12:08:21,249
CARDUNLOK,CardUnlock,3524,07/19/2020, 13:06:07,249
CARDUNLOK,CardUnlock,3524,07/19/2020, 14:07:05,249
CARDUNLOK,CardUnlock,3524,07/19/2020, 15:05:56,249
CARDUNLOK,CardUnlock,3524,07/19/2020, 16:06:37,249
CARDUNLOK,CardUnlock,3524,07/19/2020, 17:05:47,249
CARDUNLOK,CardUnlock,3524,07/19/2020, 18:06:22,249
CARDUNLOK,CardUnlock,3524,07/19/2020, 19:05:44,249
CARDUNLOK,CardUnlock,3524,07/19/2020, 20:07:17,249
CARDUNLOK,CardUnlock,3524,07/19/2020, 21:06:37,249
CARDUNLOK,CardUnlock,3524,07/19/2020, 22:06:02,249
CARDUNLOK,CardUnlock,3524,07/19/2020, 23:06:01,249
CARDUNLOK,CardUnlock,3524,07/20/2020, 00:17:39,249
CARDUNLOK,CardUnlock,3524,07/20/2020, 01:07:01,249
CARDUNLOK,CardUnlock,3524,07/20/2020, 02:07:10,249
CARDUNLOK,CardUnlock,3524,07/20/2020, 03:06:44,249
CARDUNLOK,CardUnlock,3524,07/20/2020, 04:07:21,249
CARDUNLOK,CardUnlock,3524,07/20/2020, 05:06:17,249
CARDUNLOK,CardUnlock,3524,07/20/2020, 06:06:48,249
CARDUNLOK,CardUnlock,3524,07/20/2020, 07:06:41,249
CARDUNLOK,CardUnlock,3524,07/20/2020, 08:07:27,249
CARDUNLOK,CardUnlock,3524,07/20/2020, 09:06:40,249
CARDUNLOK,CardUnlock,3524,07/20/2020, 10:06:55,249
CARDUNLOK,CardUnlock,3524,07/20/2020, 11:05:53,249
CARDUNLOK,CardUnlock,3524,07/20/2020, 12:08:03,249
CARDUNLOK,CardUnlock,3524,07/20/2020, 13:05:56,249
CARDUNLOK,CardUnlock,3524,07/20/2020, 14:07:02,249
CARDUNLOK,CardUnlock,3524,07/20/2020, 15:06:33,249
CARDUNLOK,CardUnlock,3524,07/20/2020, 16:06:33,249
CARDUNLOK,CardUnlock,3524,07/20/2020, 17:05:56,249
CARDUNLOK,CardUnlock,3524,07/20/2020, 18:06:36,249
CARDUNLOK,CardUnlock,3525,07/20/2020, 19:06:08,249
CARDUNLOK,CardUnlock,3525,07/20/2020, 20:07:27,249
CARDUNLOK,CardUnlock,3525,07/20/2020, 21:06:26,249
CARDUNLOK,CardUnlock,3525,07/20/2020, 22:05:59,249
CARDUNLOK,CardUnlock,3525,07/20/2020, 23:05:52,249
CARDUNLOK,CardUnlock,3525,07/21/2020, 00:17:41,249
CARDUNLOK,CardUnlock,3525,07/21/2020, 01:07:19,249
CARDUNLOK,CardUnlock,3525,07/21/2020, 02:07:34,249
CARDUNLOK,CardUnlock,3525,07/21/2020, 03:06:35,249
CARDUNLOK,CardUnlock,3525,07/21/2020, 04:06:59,249
CARDUNLOK,CardUnlock,3525,07/21/2020, 05:06:29,249
CARDUNLOK,CardUnlock,3525,07/21/2020, 06:07:06,249
CARDUNLOK,CardUnlock,3525,07/21/2020, 07:06:45,249
CARDUNLOK,CardUnlock,3525,07/21/2020, 08:06:58,249
CARDUNLOK,CardUnlock,3525,07/21/2020, 09:06:31,249
CARDUNLOK,CardUnlock,3525,07/21/2020, 10:06:29,249
CARDUNLOK,CardUnlock,3525,07/21/2020, 11:06:30,249
CARDUNLOK,CardUnlock,3525,07/21/2020, 12:08:24,249
CARDUNLOK,CardUnlock,3525,07/21/2020, 13:05:51,249
CARDUNLOK,CardUnlock,3525,07/21/2020, 14:06:56,249
CARDUNLOK,CardUnlock,3525,07/21/2020, 15:06:31,249
CARDUNLOK,CardUnlock,3525,07/21/2020, 16:06:31,249
CARDUNLOK,CardUnlock,3526,07/21/2020, 17:06:18,249
CARDUNLOK,CardUnlock,3526,07/21/2020, 18:06:48,249
CARDUNLOK,CardUnlock,3526,07/21/2020, 19:06:10,249
CARDUNLOK,CardUnlock,3526,07/21/2020, 20:07:01,249
CARDUNLOK,CardUnlock,3526,07/21/2020, 21:06:18,249
CARDUNLOK,CardUnlock,3526,07/21/2020, 22:06:25,249
CARDUNLOK,CardUnlock,3526,07/21/2020, 23:05:48,249
CARDUNLOK,CardUnlock,3526,07/22/2020, 00:17:33,249
CARDUNLOK,CardUnlock,3526,07/22/2020, 01:07:02,249
CARDUNLOK,CardUnlock,3526,07/22/2020, 02:07:22,249
CARDUNLOK,CardUnlock,3526,07/22/2020, 03:06:30,249
CARDUNLOK,CardUnlock,3526,07/22/2020, 04:07:00,249
CARDUNLOK,CardUnlock,3526,07/22/2020, 05:06:20,249
CARDUNLOK,CardUnlock,3526,07/22/2020, 06:06:59,249
CARDUNLOK,CardUnlock,3526,07/22/2020, 07:06:49,249
CARDUNLOK,CardUnlock,3526,07/22/2020, 08:07:29,249
CARDUNLOK,CardUnlock,3526,07/22/2020, 09:06:24,249
CARDUNLOK,CardUnlock,3526,07/22/2020, 10:06:34,249
CARDUNLOK,CardUnlock,3526,07/22/2020, 11:05:54,249
CARDUNLOK,CardUnlock,3526,07/22/2020, 12:08:06,249
CARDUNLOK,CardUnlock,3526,07/22/2020, 13:05:59,249
CARDUNLOK,CardUnlock,3526,07/22/2020, 14:07:14,249
CARDUNLOK,CardUnlock,3526,07/22/2020, 15:06:24,249
CARDUNLOK,CardUnlock,3526,07/22/2020, 16:06:47,249
CARDUNLOK,CardUnlock,3526,07/22/2020, 17:06:10,249
CARDUNLOK,CardUnlock,3526,07/22/2020, 18:07:04,249
CARDUNLOK,CardUnlock,3526,07/22/2020, 19:06:08,249
CARDUNLOK,CardUnlock,3526,07/22/2020, 20:07:25,249
CARDUNLOK,CardUnlock,3526,07/22/2020, 21:06:34,249
CARDUNLOK,CardUnlock,3526,07/22/2020, 22:06:28,249
CARDUNLOK,CardUnlock,3526,07/22/2020, 23:06:06,249
CARDUNLOK,CardUnlock,3526,07/23/2020, 00:17:38,249
CARDUNLOK,CardUnlock,3526,07/23/2020, 01:06:44,249
CARDUNLOK,CardUnlock,3526,07/23/2020, 02:07:11,249
CARDUNLOK,CardUnlock,3526,07/23/2020, 03:06:37,249
CARDUNLOK,CardUnlock,3526,07/23/2020, 04:07:12,249
CARDUNLOK,CardUnlock,3526,07/23/2020, 05:06:34,249
CARDUNLOK,CardUnlock,3526,07/23/2020, 06:07:10,249
CARDUNLOK,CardUnlock,3526,07/23/2020, 07:06:35,249
CARDUNLOK,CardUnlock,3526,07/23/2020, 08:07:09,249
CARDUNLOK,CardUnlock,3526,07/23/2020, 09:06:54,249
CARDUNLOK,CardUnlock,3526,07/23/2020, 10:06:40,249
CARDUNLOK,CardUnlock,3526,07/23/2020, 11:06:04,249
CARDUNLOK,CardUnlock,3526,07/23/2020, 12:08:20,249
CARDUNLOK,CardUnlock,3526,07/23/2020, 13:06:24,249
CARDUNLOK,CardUnlock,3526,07/23/2020, 14:06:50,249
CARDUNLOK,CardUnlock,3526,07/23/2020, 15:06:33,249
CARDUNLOK,CardUnlock,3526,07/23/2020, 16:06:44,249
CARDUNLOK,CardUnlock,3526,07/23/2020, 17:06:41,249
CARDUNLOK,CardUnlock,3526,07/23/2020, 18:06:51,249
CARDUNLOK,CardUnlock,3526,07/23/2020, 19:06:24,249
CARDUNLOK,CardUnlock,3526,07/23/2020, 20:07:14,249
CARDUNLOK,CardUnlock,3526,07/23/2020, 21:06:39,249
CARDUNLOK,CardUnlock,3526,07/23/2020, 22:06:33,249
CARDUNLOK,CardUnlock,3526,07/23/2020, 23:06:01,249
CARDUNLOK,CardUnlock,3526,07/24/2020, 00:17:59,249
CARDUNLOK,CardUnlock,3526,07/24/2020, 01:07:29,249
CARDUNLOK,CardUnlock,3526,07/24/2020, 02:07:51,249
CARDUNLOK,CardUnlock,3526,07/24/2020, 03:06:35,249
CARDUNLOK,CardUnlock,3526,07/24/2020, 04:06:58,249
CARDUNLOK,CardUnlock,3526,07/24/2020, 05:06:26,249
CARDUNLOK,CardUnlock,3526,07/24/2020, 06:06:59,249
CARDUNLOK,CardUnlock,3526,07/24/2020, 07:06:52,249
CARDUNLOK,CardUnlock,3526,07/24/2020, 08:07:25,249
CARDUNLOK,CardUnlock,3527,07/24/2020, 09:06:20,249
CARDUNLOK,CardUnlock,3527,07/24/2020, 10:06:20,249
CARDUNLOK,CardUnlock,3527,07/24/2020, 11:06:16,249
CARDUNLOK,CardUnlock,3527,07/24/2020, 12:09:23,249
CARDUNLOK,CardUnlock,3527,07/24/2020, 13:05:52,249
CARDUNLOK,CardUnlock,3527,07/24/2020, 14:06:55,249
CARDUNLOK,CardUnlock,3527,07/24/2020, 15:06:09,249
CARDUNLOK,CardUnlock,3527,07/24/2020, 16:06:38,249
CARDUNLOK,CardUnlock,3527,07/24/2020, 17:06:17,249
CARDUNLOK,CardUnlock,3527,07/24/2020, 18:06:54,249
CARDUNLOK,CardUnlock,3527,07/24/2020, 19:06:18,249
CARDUNLOK,CardUnlock,3527,07/24/2020, 20:07:21,249
CARDUNLOK,CardUnlock,3527,07/24/2020, 21:06:18,249
CARDUNLOK,CardUnlock,3527,07/24/2020, 22:06:16,249
CARDUNLOK,CardUnlock,3527,07/24/2020, 23:06:09,249
CARDUNLOK,CardUnlock,3527,07/25/2020, 00:18:05,249
CARDUNLOK,CardUnlock,3527,07/25/2020, 01:06:43,249
CARDUNLOK,CardUnlock,3527,07/25/2020, 02:07:13,249
CARDUNLOK,CardUnlock,3527,07/25/2020, 03:06:46,249
CARDUNLOK,CardUnlock,3527,07/25/2020, 04:07:05,249
CARDUNLOK,CardUnlock,3527,07/25/2020, 05:06:30,249
CARDUNLOK,CardUnlock,3527,07/25/2020, 06:07:01,249
CARDUNLOK,CardUnlock,3527,07/25/2020, 07:07:04,249
CARDUNLOK,CardUnlock,3528,07/25/2020, 08:06:51,249
CARDUNLOK,CardUnlock,3528,07/25/2020, 09:06:54,249
CARDUNLOK,CardUnlock,3528,07/25/2020, 10:06:42,249
CARDUNLOK,CardUnlock,3528,07/25/2020, 11:06:09,249
CARDUNLOK,CardUnlock,3528,07/25/2020, 12:08:06,249
CARDUNLOK,CardUnlock,3528,07/25/2020, 13:06:01,249
CARDUNLOK,CardUnlock,3528,07/25/2020, 14:06:51,249
CARDUNLOK,CardUnlock,3528,07/25/2020, 15:06:18,249
CARDUNLOK,CardUnlock,3528,07/25/2020, 16:06:55,249
CARDUNLOK,CardUnlock,3528,07/25/2020, 17:06:23,249
CARDUNLOK,CardUnlock,3528,07/25/2020, 18:07:20,249
CARDUNLOK,CardUnlock,3528,07/25/2020, 19:06:40,249
CARDUNLOK,CardUnlock,3528,07/25/2020, 20:07:12,249
CARDUNLOK,CardUnlock,3529,07/25/2020, 21:06:38,249
CARDUNLOK,CardUnlock,3529,07/25/2020, 22:06:24,249
CARDUNLOK,CardUnlock,3529,07/25/2020, 23:05:49,249
CARDUNLOK,CardUnlock,3529,07/26/2020, 00:18:48,249
CARDUNLOK,CardUnlock,3529,07/26/2020, 01:06:53,249
CARDUNLOK,CardUnlock,3529,07/26/2020, 02:07:26,249
CARDUNLOK,CardUnlock,3530,07/26/2020, 03:06:21,249
CARDUNLOK,CardUnlock,3530,07/26/2020, 04:06:42,249
CARDUNLOK,CardUnlock,3530,07/26/2020, 05:06:21,249
CARDUNLOK,CardUnlock,3530,07/26/2020, 06:07:15,249
CARDUNLOK,CardUnlock,3530,07/26/2020, 07:07:06,249
CARDUNLOK,CardUnlock,3530,07/26/2020, 08:07:36,249
CARDUNLOK,CardUnlock,3530,07/26/2020, 09:06:32,249
CARDUNLOK,CardUnlock,3530,07/26/2020, 10:06:26,249
CARDUNLOK,CardUnlock,3530,07/26/2020, 11:05:51,249
CARDUNLOK,CardUnlock,3530,07/26/2020, 12:08:14,249
CARDUNLOK,CardUnlock,3530,07/26/2020, 13:06:08,249
CARDUNLOK,CardUnlock,3530,07/26/2020, 14:06:48,249
CARDUNLOK,CardUnlock,3531,07/26/2020, 15:06:33,249
CARDUNLOK,CardUnlock,3531,07/26/2020, 16:06:57,249
CARDUNLOK,CardUnlock,3531,07/26/2020, 17:06:25,249
CARDUNLOK,CardUnlock,3532,07/26/2020, 18:07:07,249
CARDUNLOK,CardUnlock,3532,07/26/2020, 19:06:24,249
CARDUNLOK,CardUnlock,3532,07/26/2020, 20:07:25,249
CARDUNLOK,CardUnlock,3532,07/26/2020, 21:06:43,249
CARDUNLOK,CardUnlock,3532,07/26/2020, 22:06:40,249
CARDUNLOK,CardUnlock,3532,07/26/2020, 23:06:07,249
CARDUNLOK,CardUnlock,3532,07/27/2020, 00:18:16,249
CARDUNLOK,CardUnlock,3532,07/27/2020, 01:06:51,249
CARDUNLOK,CardUnlock,3533,07/27/2020, 02:07:15,249
CARDUNLOK,CardUnlock,3533,07/27/2020, 03:06:45,249
CARDUNLOK,CardUnlock,3533,07/27/2020, 04:07:17,249
CARDUNLOK,CardUnlock,3533,07/27/2020, 05:06:39,249
CARDUNLOK,CardUnlock,3533,07/27/2020, 06:07:36,249
CARDUNLOK,CardUnlock,3533,07/27/2020, 07:06:43,249
CARDUNLOK,CardUnlock,3533,07/27/2020, 08:07:48,249
CARDUNLOK,CardUnlock,3533,07/27/2020, 09:06:41,249
CARDUNLOK,CardUnlock,3533,07/27/2020, 10:06:40,249
CARDUNLOK,CardUnlock,3533,07/27/2020, 11:06:21,249
CARDUNLOK,CardUnlock,3533,07/27/2020, 12:08:28,249
CARDUNLOK,CardUnlock,3533,07/27/2020, 13:06:16,249
CARDUNLOK,CardUnlock,3533,07/27/2020, 14:06:47,249
CARDUNLOK,CardUnlock,3533,07/27/2020, 15:06:56,249
CARDUNLOK,CardUnlock,3533,07/27/2020, 16:06:03,249
CARDUNLOK,CardUnlock,3533,07/27/2020, 17:05:37,249
CARDUNLOK,CardUnlock,3533,07/27/2020, 18:06:27,249
CARDUNLOK,CardUnlock,3533,07/27/2020, 19:05:24,249
CARDUNLOK,CardUnlock,3533,07/27/2020, 20:06:16,249
CARDUNLOK,CardUnlock,3533,07/27/2020, 21:05:19,249
CARDUNLOK,CardUnlock,3533,07/27/2020, 22:06:19,249
CARDUNLOK,CardUnlock,3533,07/27/2020, 23:05:48,249
CARDUNLOK,CardUnlock,3533,07/28/2020, 00:18:01,249
CARDUNLOK,CardUnlock,3533,07/28/2020, 01:07:02,249
CARDUNLOK,CardUnlock,3533,07/28/2020, 02:07:33,249
CARDUNLOK,CardUnlock,3533,07/28/2020, 03:06:31,249
CARDUNLOK,CardUnlock,3533,07/28/2020, 04:06:54,249
CARDUNLOK,CardUnlock,3533,07/28/2020, 05:06:29,249
CARDUNLOK,CardUnlock,3533,07/28/2020, 06:07:30,249
CARDUNLOK,CardUnlock,3533,07/28/2020, 07:06:47,249
CARDUNLOK,CardUnlock,3533,07/28/2020, 08:07:40,249
CARDUNLOK,CardUnlock,3533,07/28/2020, 09:06:45,249
CARDUNLOK,CardUnlock,3533,07/28/2020, 10:06:43,249
CARDUNLOK,CardUnlock,3533,07/28/2020, 11:06:16,249
CARDUNLOK,CardUnlock,3533,07/28/2020, 12:08:38,249
CARDUNLOK,CardUnlock,3533,07/28/2020, 13:06:35,249
CARDUNLOK,CardUnlock,3533,07/28/2020, 14:07:02,249
CARDUNLOK,CardUnlock,3533,07/28/2020, 15:07:11,249
CARDUNLOK,CardUnlock,3533,07/28/2020, 16:07:20,249
CARDUNLOK,CardUnlock,3533,07/28/2020, 17:06:19,249
CARDUNLOK,CardUnlock,3533,07/28/2020, 18:06:50,249
CARDUNLOK,CardUnlock,3533,07/28/2020, 19:06:38,249
CARDUNLOK,CardUnlock,3533,07/28/2020, 20:07:27,249
CARDUNLOK,CardUnlock,3533,07/28/2020, 21:07:00,249
CARDUNLOK,CardUnlock,3533,07/28/2020, 22:06:42,249
CARDUNLOK,CardUnlock,3533,07/28/2020, 23:06:28,249
CARDUNLOK,CardUnlock,3533,07/29/2020, 00:17:02,249
CARDUNLOK,CardUnlock,3533,07/29/2020, 01:07:29,249
CARDUNLOK,CardUnlock,3534,07/29/2020, 02:07:31,249
CARDUNLOK,CardUnlock,3534,07/29/2020, 03:06:41,249
CARDUNLOK,CardUnlock,3534,07/29/2020, 04:07:01,249
CARDUNLOK,CardUnlock,3534,07/29/2020, 05:06:34,249
CARDUNLOK,CardUnlock,3534,07/29/2020, 06:07:37,249
CARDUNLOK,CardUnlock,3534,07/29/2020, 07:06:32,249
CARDUNLOK,CardUnlock,3534,07/29/2020, 08:07:02,249
CARDUNLOK,CardUnlock,3534,07/29/2020, 09:06:37,249
CARDUNLOK,CardUnlock,3534,07/29/2020, 10:06:35,249
CARDUNLOK,CardUnlock,3534,07/29/2020, 11:06:30,249
CARDUNLOK,CardUnlock,3534,07/29/2020, 12:08:38,249
CARDUNLOK,CardUnlock,3534,07/29/2020, 13:06:47,249
CARDUNLOK,CardUnlock,3534,07/29/2020, 14:07:11,249
CARDUNLOK,CardUnlock,3534,07/29/2020, 15:07:49,249
CARDUNLOK,CardUnlock,3534,07/29/2020, 16:07:16,249
CARDUNLOK,CardUnlock,3534,07/29/2020, 17:06:20,249
CARDUNLOK,CardUnlock,3534,07/29/2020, 18:07:21,249
CARDUNLOK,CardUnlock,3534,07/29/2020, 19:06:41,249
CARDUNLOK,CardUnlock,3535,07/29/2020, 20:07:48,249
CARDUNLOK,CardUnlock,3535,07/29/2020, 21:06:40,249
CARDUNLOK,CardUnlock,3535,07/29/2020, 22:06:40,249
CARDUNLOK,CardUnlock,3535,07/29/2020, 23:06:38,249
CARDUNLOK,CardUnlock,3535,07/30/2020, 00:18:26,249
CARDUNLOK,CardUnlock,3535,07/30/2020, 01:07:17,249
CARDUNLOK,CardUnlock,3535,07/30/2020, 02:07:19,249
CARDUNLOK,CardUnlock,3535,07/30/2020, 03:06:59,249
CARDUNLOK,CardUnlock,3535,07/30/2020, 04:06:52,249
CARDUNLOK,CardUnlock,3535,07/30/2020, 05:06:52,249
CARDUNLOK,CardUnlock,3535,07/30/2020, 06:07:52,249
CARDUNLOK,CardUnlock,3535,07/30/2020, 07:06:48,249
CARDUNLOK,CardUnlock,3535,07/30/2020, 08:07:27,249
CARDUNLOK,CardUnlock,3535,07/30/2020, 09:06:50,249
CARDUNLOK,CardUnlock,3535,07/30/2020, 10:06:29,249
CARDUNLOK,CardUnlock,3535,07/30/2020, 11:06:45,249
CARDUNLOK,CardUnlock,3535,07/30/2020, 12:08:58,249
CARDUNLOK,CardUnlock,3535,07/30/2020, 13:06:31,249
CARDUNLOK,CardUnlock,3535,07/30/2020, 14:08:07,249
CARDUNLOK,CardUnlock,3535,07/30/2020, 15:07:42,249
CARDUNLOK,CardUnlock,3535,07/30/2020, 16:07:25,249
CARDUNLOK,CardUnlock,3535,07/30/2020, 17:06:48,249
CARDUNLOK,CardUnlock,3535,07/30/2020, 18:07:25,249
CARDUNLOK,CardUnlock,3535,07/30/2020, 19:06:11,249
CARDUNLOK,CardUnlock,3535,07/30/2020, 20:06:45,249
CARDUNLOK,CardUnlock,3535,07/30/2020, 21:05:39,249
CARDUNLOK,CardUnlock,3535,07/30/2020, 22:05:41,249
CARDUNLOK,CardUnlock,3536,07/30/2020, 23:06:32,249
CARDUNLOK,CardUnlock,3536,07/31/2020, 00:19:01,249
CARDUNLOK,CardUnlock,3536,07/31/2020, 01:07:37,249
CARDUNLOK,CardUnlock,3536,07/31/2020, 02:07:51,249
CARDUNLOK,CardUnlock,3536,07/31/2020, 03:06:45,249
CARDUNLOK,CardUnlock,3536,07/31/2020, 04:07:17,249
CARDUNLOK,CardUnlock,3536,07/31/2020, 05:06:52,249
CARDUNLOK,CardUnlock,3536,07/31/2020, 06:07:24,249
CARDUNLOK,CardUnlock,3536,07/31/2020, 07:06:55,249
CARDUNLOK,CardUnlock,3536,07/31/2020, 08:08:06,249
CARDUNLOK,CardUnlock,3536,07/31/2020, 09:06:50,249
CARDUNLOK,CardUnlock,3536,07/31/2020, 10:06:32,249
CARDUNLOK,CardUnlock,3536,07/31/2020, 11:06:27,249
CARDUNLOK,CardUnlock,3536,07/31/2020, 12:09:41,249
CARDUNLOK,CardUnlock,3536,07/31/2020, 13:06:41,249
CARDUNLOK,CardUnlock,3536,07/31/2020, 14:07:13,249
CARDUNLOK,CardUnlock,3537,07/31/2020, 15:07:05,249
CARDUNLOK,CardUnlock,3537,07/31/2020, 16:07:14,249
CARDUNLOK,CardUnlock,3537,07/31/2020, 17:06:39,249
CARDUNLOK,CardUnlock,3537,07/31/2020, 18:07:29,249
CARDUNLOK,CardUnlock,3537,07/31/2020, 19:06:25,249
CARDUNLOK,CardUnlock,3538,07/31/2020, 20:07:46,249
CARDUNLOK,CardUnlock,3538,07/31/2020, 21:06:37,249
CARDUNLOK,CardUnlock,3538,07/31/2020, 22:06:26,249
CARDUNLOK,CardUnlock,3538,07/31/2020, 23:06:27,249
CARDUNLOK,CardUnlock,3538,08/01/2020, 00:19:16,249
CARDUNLOK,CardUnlock,3538,08/01/2020, 01:07:29,249
CARDUNLOK,CardUnlock,3538,08/01/2020, 02:07:35,249
CARDUNLOK,CardUnlock,3538,08/01/2020, 03:06:46,249
CARDUNLOK,CardUnlock,3538,08/01/2020, 04:07:20,249
CARDUNLOK,CardUnlock,3538,08/01/2020, 05:06:47,249
CARDUNLOK,CardUnlock,3538,08/01/2020, 06:07:45,249
CARDUNLOK,CardUnlock,3538,08/01/2020, 07:07:07,249
CARDUNLOK,CardUnlock,3538,08/01/2020, 08:07:37,249
CARDUNLOK,CardUnlock,3538,08/01/2020, 09:07:10,249
CARDUNLOK,CardUnlock,3538,08/01/2020, 10:06:48,249
CARDUNLOK,CardUnlock,3538,08/01/2020, 11:06:36,249
CARDUNLOK,CardUnlock,3538,08/01/2020, 12:08:49,249
CARDUNLOK,CardUnlock,3538,08/01/2020, 13:06:34,249
CARDUNLOK,CardUnlock,3539,08/01/2020, 14:07:18,249
CARDUNLOK,CardUnlock,3539,08/01/2020, 15:07:06,249
CARDUNLOK,CardUnlock,3539,08/01/2020, 16:07:34,249
CARDUNLOK,CardUnlock,3539,08/01/2020, 17:06:45,249
CARDUNLOK,CardUnlock,3539,08/01/2020, 18:07:39,249
CARDUNLOK,CardUnlock,3539,08/01/2020, 19:06:40,249
CARDUNLOK,CardUnlock,3539,08/01/2020, 20:07:43,249
CARDUNLOK,CardUnlock,3539,08/01/2020, 21:06:37,249
CARDUNLOK,CardUnlock,3539,08/01/2020, 22:06:30,249
CARDUNLOK,CardUnlock,3539,08/01/2020, 23:06:30,249
CARDUNLOK,CardUnlock,3539,08/02/2020, 00:19:40,249
CARDUNLOK,CardUnlock,3539,08/02/2020, 01:07:14,249
CARDUNLOK,CardUnlock,3539,08/02/2020, 02:07:42,249
CARDUNLOK,CardUnlock,3539,08/02/2020, 03:06:51,249
CARDUNLOK,CardUnlock,3539,08/02/2020, 04:07:24,249
CARDUNLOK,CardUnlock,3539,08/02/2020, 05:06:53,249
CARDUNLOK,CardUnlock,3539,08/02/2020, 06:07:43,249
CARDUNLOK,CardUnlock,3540,08/02/2020, 07:07:20,249
CARDUNLOK,CardUnlock,3540,08/02/2020, 08:07:21,249
CARDUNLOK,CardUnlock,3540,08/02/2020, 09:06:43,249
CARDUNLOK,CardUnlock,3540,08/02/2020, 10:06:42,249
CARDUNLOK,CardUnlock,3540,08/02/2020, 11:06:40,249
CARDUNLOK,CardUnlock,3540,08/02/2020, 12:08:41,249
CARDUNLOK,CardUnlock,3540,08/02/2020, 13:06:58,249
CARDUNLOK,CardUnlock,3540,08/02/2020, 14:07:25,249
CARDUNLOK,CardUnlock,3540,08/02/2020, 15:07:10,249
CARDUNLOK,CardUnlock,3540,08/02/2020, 16:07:21,249
CARDUNLOK,CardUnlock,3540,08/02/2020, 17:06:39,249
CARDUNLOK,CardUnlock,3540,08/02/2020, 18:07:18,249
CARDUNLOK,CardUnlock,3540,08/02/2020, 19:06:46,249
CARDUNLOK,CardUnlock,3541,08/02/2020, 20:07:49,249
CARDUNLOK,CardUnlock,3541,08/02/2020, 21:06:36,249
CARDUNLOK,CardUnlock,3541,08/02/2020, 22:06:34,249
CARDUNLOK,CardUnlock,3541,08/02/2020, 23:06:57,249
CARDUNLOK,CardUnlock,3541,08/03/2020, 00:19:20,249
CARDUNLOK,CardUnlock,3541,08/03/2020, 01:07:26,249
CARDUNLOK,CardUnlock,3541,08/03/2020, 02:07:49,249
CARDUNLOK,CardUnlock,3541,08/03/2020, 03:06:49,249
CARDUNLOK,CardUnlock,3541,08/03/2020, 04:07:27,249
CARDUNLOK,CardUnlock,3541,08/03/2020, 05:06:55,249
CARDUNLOK,CardUnlock,3541,08/03/2020, 06:07:43,249
CARDUNLOK,CardUnlock,3541,08/03/2020, 07:07:08,249
CARDUNLOK,CardUnlock,3541,08/03/2020, 08:07:47,249
CARDUNLOK,CardUnlock,3541,08/03/2020, 09:07:14,249
CARDUNLOK,CardUnlock,3541,08/03/2020, 10:07:12,249
CARDUNLOK,CardUnlock,3542,08/03/2020, 11:06:49,249
CARDUNLOK,CardUnlock,3542,08/03/2020, 12:09:18,249
CARDUNLOK,CardUnlock,3542,08/03/2020, 13:06:29,249
CARDUNLOK,CardUnlock,3542,08/03/2020, 14:07:34,249
CARDUNLOK,CardUnlock,3542,08/03/2020, 15:07:03,249
CARDUNLOK,CardUnlock,3542,08/03/2020, 16:07:09,249
CARDUNLOK,CardUnlock,3542,08/03/2020, 17:06:46,249
CARDUNLOK,CardUnlock,3542,08/03/2020, 18:07:25,249
CARDUNLOK,CardUnlock,3542,08/03/2020, 19:06:41,249
CARDUNLOK,CardUnlock,3542,08/03/2020, 20:08:20,249
CARDUNLOK,CardUnlock,3542,08/03/2020, 21:06:43,249
CARDUNLOK,CardUnlock,3542,08/03/2020, 22:06:31,249
CARDUNLOK,CardUnlock,3542,08/03/2020, 23:06:30,249
CARDUNLOK,CardUnlock,3542,08/04/2020, 00:19:14,249
CARDUNLOK,CardUnlock,3542,08/04/2020, 01:07:26,249
CARDUNLOK,CardUnlock,3542,08/04/2020, 02:07:56,249
CARDUNLOK,CardUnlock,3542,08/04/2020, 03:07:03,249
CARDUNLOK,CardUnlock,3542,08/04/2020, 04:07:25,249
CARDUNLOK,CardUnlock,3542,08/04/2020, 05:07:02,249
CARDUNLOK,CardUnlock,3542,08/04/2020, 06:07:33,249
CARDUNLOK,CardUnlock,3542,08/04/2020, 07:07:05,249
CARDUNLOK,CardUnlock,3542,08/04/2020, 08:08:11,249
CARDUNLOK,CardUnlock,3542,08/04/2020, 09:06:50,249
CARDUNLOK,CardUnlock,3542,08/04/2020, 10:06:57,249
CARDUNLOK,CardUnlock,3542,08/04/2020, 11:06:44,249
CARDUNLOK,CardUnlock,3542,08/04/2020, 12:09:19,249
CARDUNLOK,CardUnlock,3542,08/04/2020, 13:06:52,249
CARDUNLOK,CardUnlock,3542,08/04/2020, 14:07:29,249
CARDUNLOK,CardUnlock,3543,08/04/2020, 15:07:08,249
CARDUNLOK,CardUnlock,3543,08/04/2020, 16:07:25,249
CARDUNLOK,CardUnlock,3543,08/04/2020, 17:06:53,249
CARDUNLOK,CardUnlock,3543,08/04/2020, 18:07:35,249
CARDUNLOK,CardUnlock,3543,08/04/2020, 19:06:44,249
CARDUNLOK,CardUnlock,3543,08/04/2020, 20:07:52,249
CARDUNLOK,CardUnlock,3543,08/04/2020, 21:06:58,249
CARDUNLOK,CardUnlock,3543,08/04/2020, 22:06:42,249
CARDUNLOK,CardUnlock,3543,08/04/2020, 23:06:05,249
CARDUNLOK,CardUnlock,3543,08/05/2020, 00:19:22,249
CARDUNLOK,CardUnlock,3543,08/05/2020, 01:07:47,249
CARDUNLOK,CardUnlock,3543,08/05/2020, 02:08:07,249
CARDUNLOK,CardUnlock,3543,08/05/2020, 03:06:58,249
CARDUNLOK,CardUnlock,3543,08/05/2020, 04:07:33,249
CARDUNLOK,CardUnlock,3544,08/05/2020, 05:07:07,249
