MYSR00000,TrainsLIVE - London,0,12/10/2020, 15:10:24,598
MYSR00000,TrainsLIVE - London,4,12/10/2020, 16:14:40,598
MYSR00000,TrainsLIVE - London,6,12/10/2020, 17:16:37,598
MYSR00000,TrainsLIVE - London,9,12/10/2020, 18:10:23,598
MYSR00000,TrainsLIVE - London,13,12/10/2020, 19:08:57,598
MYSR00000,TrainsLIVE - London,14,12/10/2020, 20:10:08,598
MYSR00000,TrainsLIVE - London,17,12/10/2020, 21:08:59,598
MYSR00000,TrainsLIVE - London,19,12/10/2020, 22:12:31,598
MYSR00000,TrainsLIVE - London,22,12/10/2020, 23:10:25,598
MYSR00000,TrainsLIVE - London,24,12/11/2020, 00:26:50,598
MYSR00000,TrainsLIVE - London,24,12/11/2020, 01:37:18,598
MYSR00000,TrainsLIVE - London,25,12/11/2020, 02:18:36,598
MYSR00000,TrainsLIVE - London,26,12/11/2020, 03:10:45,598
MYSR00000,TrainsLIVE - London,26,12/11/2020, 04:12:37,598
MYSR00000,TrainsLIVE - London,27,12/11/2020, 05:10:14,598
MYSR00000,TrainsLIVE - London,27,12/11/2020, 06:11:41,598
MYSR00000,TrainsLIVE - London,27,12/11/2020, 07:10:06,598
MYSR00000,TrainsLIVE - London,29,12/11/2020, 08:12:47,598
MYSR00000,TrainsLIVE - London,29,12/11/2020, 09:10:29,598
MYSR00000,TrainsLIVE - London,33,12/11/2020, 10:11:55,598
MYSR00000,TrainsLIVE - London,33,12/11/2020, 11:10:19,598
MYSR00000,TrainsLIVE - London,33,12/11/2020, 12:13:40,598
MYSR00000,TrainsLIVE - London,34,12/11/2020, 13:09:51,598
MYSR00000,TrainsLIVE - London,34,12/11/2020, 14:11:36,598
MYSR00000,TrainsLIVE - London,34,12/11/2020, 15:10:22,598
MYSR00000,TrainsLIVE - London,34,12/11/2020, 16:14:48,598
MYSR00000,TrainsLIVE - London,35,12/11/2020, 17:17:03,598
MYSR00000,TrainsLIVE - London,35,12/11/2020, 18:10:23,598
MYSR00000,TrainsLIVE - London,36,12/11/2020, 19:08:35,598
MYSR00000,TrainsLIVE - London,36,12/11/2020, 20:10:23,598
MYSR00000,TrainsLIVE - London,37,12/11/2020, 21:09:12,598
MYSR00000,TrainsLIVE - London,39,12/11/2020, 22:11:44,598
MYSR00000,TrainsLIVE - London,39,12/11/2020, 23:10:34,598
MYSR00000,TrainsLIVE - London,39,12/12/2020, 00:26:46,598
MYSR00000,TrainsLIVE - London,40,12/12/2020, 01:37:33,598
MYSR00000,TrainsLIVE - London,44,12/12/2020, 02:18:23,598
MYSR00000,TrainsLIVE - London,44,12/12/2020, 03:11:04,598
MYSR00000,TrainsLIVE - London,53,12/12/2020, 04:12:53,598
MYSR00000,TrainsLIVE - London,55,12/12/2020, 05:09:51,598
MYSR00000,TrainsLIVE - London,56,12/12/2020, 06:11:54,598
MYSR00000,TrainsLIVE - London,57,12/12/2020, 07:10:22,598
MYSR00000,TrainsLIVE - London,58,12/12/2020, 08:12:11,598
MYSR00000,TrainsLIVE - London,58,12/12/2020, 09:11:22,598
MYSR00000,TrainsLIVE - London,58,12/12/2020, 10:11:42,598
MYSR00000,TrainsLIVE - London,58,12/12/2020, 11:10:27,598
MYSR00000,TrainsLIVE - London,58,12/12/2020, 12:13:19,598
MYSR00000,TrainsLIVE - London,58,12/12/2020, 13:09:29,598
MYSR00000,TrainsLIVE - London,59,12/12/2020, 14:11:09,598
MYSR00000,TrainsLIVE - London,59,12/12/2020, 15:10:01,598
MYSR00000,TrainsLIVE - London,60,12/12/2020, 16:15:01,598
MYSR00000,TrainsLIVE - London,60,12/12/2020, 17:16:55,598
MYSR00000,TrainsLIVE - London,61,12/12/2020, 18:10:34,598
MYSR00000,TrainsLIVE - London,61,12/12/2020, 19:08:43,598
MYSR00000,TrainsLIVE - London,61,12/12/2020, 20:10:09,598
MYSR00000,TrainsLIVE - London,61,12/12/2020, 21:08:40,598
MYSR00000,TrainsLIVE - London,63,12/12/2020, 22:11:55,598
MYSR00000,TrainsLIVE - London,63,12/12/2020, 23:10:15,598
MYSR00000,TrainsLIVE - London,65,12/13/2020, 00:28:14,598
MYSR00000,TrainsLIVE - London,68,12/13/2020, 01:41:34,598
MYSR00000,TrainsLIVE - London,69,12/13/2020, 02:18:53,598
MYSR00000,TrainsLIVE - London,69,12/13/2020, 03:11:24,598
MYSR00000,TrainsLIVE - London,69,12/13/2020, 04:12:35,598
MYSR00000,TrainsLIVE - London,69,12/13/2020, 05:10:52,598
MYSR00000,TrainsLIVE - London,70,12/13/2020, 06:11:54,598
MYSR00000,TrainsLIVE - London,70,12/13/2020, 07:10:03,598
MYSR00000,TrainsLIVE - London,70,12/13/2020, 08:12:04,598
MYSR00000,TrainsLIVE - London,70,12/13/2020, 09:10:35,598
MYSR00000,TrainsLIVE - London,70,12/13/2020, 10:11:45,598
MYSR00000,TrainsLIVE - London,71,12/13/2020, 11:10:37,598
MYSR00000,TrainsLIVE - London,72,12/13/2020, 12:13:22,598
MYSR00000,TrainsLIVE - London,72,12/13/2020, 13:09:50,598
MYSR00000,TrainsLIVE - London,72,12/13/2020, 14:11:26,598
MYSR00000,TrainsLIVE - London,72,12/13/2020, 15:10:05,598
MYSR00000,TrainsLIVE - London,72,12/13/2020, 16:15:02,598
MYSR00000,TrainsLIVE - London,73,12/13/2020, 17:18:33,598
MYSR00000,TrainsLIVE - London,75,12/13/2020, 18:10:15,598
MYSR00000,TrainsLIVE - London,76,12/13/2020, 19:08:24,598
MYSR00000,TrainsLIVE - London,77,12/13/2020, 20:10:07,598
MYSR00000,TrainsLIVE - London,78,12/13/2020, 21:09:18,598
MYSR00000,TrainsLIVE - London,79,12/13/2020, 22:11:40,598
MYSR00000,TrainsLIVE - London,79,12/13/2020, 23:10:28,598
MYSR00000,TrainsLIVE - London,79,12/14/2020, 00:27:29,598
MYSR00000,TrainsLIVE - London,79,12/14/2020, 01:41:30,598
MYSR00000,TrainsLIVE - London,79,12/14/2020, 02:20:19,598
MYSR00000,TrainsLIVE - London,79,12/14/2020, 03:10:56,598
MYSR00000,TrainsLIVE - London,79,12/14/2020, 04:12:49,598
MYSR00000,TrainsLIVE - London,81,12/14/2020, 05:10:02,598
MYSR00000,TrainsLIVE - London,81,12/14/2020, 06:12:18,598
MYSR00000,TrainsLIVE - London,81,12/14/2020, 07:10:18,598
MYSR00000,TrainsLIVE - London,82,12/14/2020, 08:12:59,598
MYSR00000,TrainsLIVE - London,82,12/14/2020, 09:10:55,598
MYSR00000,TrainsLIVE - London,84,12/14/2020, 10:12:02,598
MYSR00000,TrainsLIVE - London,84,12/14/2020, 11:10:24,598
MYSR00000,TrainsLIVE - London,84,12/14/2020, 12:14:07,598
MYSR00000,TrainsLIVE - London,84,12/14/2020, 13:11:59,598
MYSR00000,TrainsLIVE - London,85,12/14/2020, 14:11:56,598
MYSR00000,TrainsLIVE - London,85,12/14/2020, 15:10:53,598
MYSR00000,TrainsLIVE - London,85,12/14/2020, 16:12:48,598
MYSR00000,TrainsLIVE - London,85,12/14/2020, 17:18:41,598
MYSR00000,TrainsLIVE - London,86,12/14/2020, 18:09:18,598
MYSR00000,TrainsLIVE - London,87,12/14/2020, 19:08:38,598
MYSR00000,TrainsLIVE - London,87,12/14/2020, 20:10:26,598
MYSR00000,TrainsLIVE - London,87,12/14/2020, 21:09:19,598
MYSR00000,TrainsLIVE - London,87,12/14/2020, 22:12:03,598
MYSR00000,TrainsLIVE - London,88,12/14/2020, 23:10:45,598
MYSR00000,TrainsLIVE - London,90,12/15/2020, 09:11:04,598
MYSR00000,TrainsLIVE - London,90,12/15/2020, 10:11:37,598
MYSR00000,TrainsLIVE - London,90,12/15/2020, 11:10:21,598
MYSR00000,TrainsLIVE - London,90,12/15/2020, 12:14:06,598
MYSR00000,TrainsLIVE - London,90,12/15/2020, 13:11:58,598
MYSR00000,TrainsLIVE - London,90,12/15/2020, 14:11:59,598
MYSR00000,TrainsLIVE - London,90,12/15/2020, 15:10:52,598
MYSR00000,TrainsLIVE - London,90,12/15/2020, 16:15:29,598
MYSR00000,TrainsLIVE - London,90,12/15/2020, 17:22:03,598
MYSR00000,TrainsLIVE - London,90,12/15/2020, 18:10:36,598
MYSR00000,TrainsLIVE - London,91,12/15/2020, 19:08:33,598
MYSR00000,TrainsLIVE - London,91,12/15/2020, 20:10:21,598
MYSR00000,TrainsLIVE - London,91,12/15/2020, 21:09:27,598
MYSR00000,TrainsLIVE - London,92,12/15/2020, 22:11:29,598
MYSR00000,TrainsLIVE - London,92,12/15/2020, 23:10:47,598
MYSR00000,TrainsLIVE - London,92,12/16/2020, 00:27:00,598
MYSR00000,TrainsLIVE - London,93,12/16/2020, 01:42:14,598
MYSR00000,TrainsLIVE - London,94,12/16/2020, 02:21:54,598
MYSR00000,TrainsLIVE - London,94,12/16/2020, 03:10:42,598
MYSR00000,TrainsLIVE - London,95,12/16/2020, 04:12:54,598
MYSR00000,TrainsLIVE - London,95,12/16/2020, 05:10:11,598
MYSR00000,TrainsLIVE - London,96,12/16/2020, 06:12:24,598
MYSR00000,TrainsLIVE - London,96,12/16/2020, 07:10:38,598
MYSR00000,TrainsLIVE - London,96,12/16/2020, 08:12:33,598
MYSR00000,TrainsLIVE - London,96,12/16/2020, 09:10:49,598
MYSR00000,TrainsLIVE - London,96,12/16/2020, 10:11:42,598
MYSR00000,TrainsLIVE - London,96,12/16/2020, 11:10:24,598
MYSR00000,TrainsLIVE - London,96,12/16/2020, 12:14:10,598
MYSR00000,TrainsLIVE - London,96,12/16/2020, 13:12:25,598
MYSR00000,TrainsLIVE - London,96,12/16/2020, 14:12:03,598
MYSR00000,TrainsLIVE - London,96,12/16/2020, 15:10:56,598
MYSR00000,TrainsLIVE - London,96,12/16/2020, 16:15:58,598
MYSR00000,TrainsLIVE - London,96,12/16/2020, 17:32:49,598
MYSR00000,TrainsLIVE - London,96,12/16/2020, 18:10:16,598
MYSR00000,TrainsLIVE - London,97,12/16/2020, 19:09:14,598
MYSR00000,TrainsLIVE - London,98,12/16/2020, 20:10:39,598
MYSR00000,TrainsLIVE - London,98,12/16/2020, 21:09:58,598
MYSR00000,TrainsLIVE - London,98,12/16/2020, 22:12:49,598
MYSR00000,TrainsLIVE - London,98,12/16/2020, 23:12:18,598
MYSR00000,TrainsLIVE - London,100,12/17/2020, 00:29:18,598
MYSR00000,TrainsLIVE - London,101,12/17/2020, 01:44:25,598
MYSR00000,TrainsLIVE - London,101,12/17/2020, 02:22:29,598
MYSR00000,TrainsLIVE - London,101,12/17/2020, 03:10:46,598
MYSR00000,TrainsLIVE - London,101,12/17/2020, 04:12:51,598
MYSR00000,TrainsLIVE - London,101,12/17/2020, 05:10:15,598
MYSR00000,TrainsLIVE - London,101,12/17/2020, 06:12:34,598
MYSR00000,TrainsLIVE - London,101,12/17/2020, 07:11:31,598
MYSR00000,TrainsLIVE - London,101,12/17/2020, 08:12:50,598
MYSR00000,TrainsLIVE - London,101,12/17/2020, 09:10:52,598
MYSR00000,TrainsLIVE - London,101,12/17/2020, 10:11:55,598
MYSR00000,TrainsLIVE - London,101,12/17/2020, 11:10:25,598
MYSR00000,TrainsLIVE - London,101,12/17/2020, 12:14:57,598
MYSR00000,TrainsLIVE - London,101,12/17/2020, 13:14:19,598
MYSR00000,TrainsLIVE - London,101,12/17/2020, 14:12:30,598
MYSR00000,TrainsLIVE - London,101,12/17/2020, 15:10:57,598
MYSR00000,TrainsLIVE - London,101,12/17/2020, 16:18:19,598
MYSR00000,TrainsLIVE - London,101,12/17/2020, 17:27:37,598
MYSR00000,TrainsLIVE - London,101,12/17/2020, 18:11:59,598
MYSR00000,TrainsLIVE - London,101,12/17/2020, 19:09:55,598
MYSR00000,TrainsLIVE - London,101,12/17/2020, 20:10:46,598
MYSR00000,TrainsLIVE - London,101,12/17/2020, 21:10:03,598
MYSR00000,TrainsLIVE - London,101,12/17/2020, 22:12:59,598
MYSR00000,TrainsLIVE - London,101,12/17/2020, 23:11:58,598
MYSR00000,TrainsLIVE - London,101,12/18/2020, 00:28:37,598
MYSR00000,TrainsLIVE - London,101,12/18/2020, 01:46:25,598
MYSR00000,TrainsLIVE - London,101,12/18/2020, 02:25:47,598
MYSR00000,TrainsLIVE - London,101,12/18/2020, 03:13:41,598
MYSR00000,TrainsLIVE - London,101,12/18/2020, 04:14:34,598
MYSR00000,TrainsLIVE - London,101,12/18/2020, 05:14:01,598
MYSR00000,TrainsLIVE - London,101,12/18/2020, 06:13:19,598
MYSR00000,TrainsLIVE - London,101,12/18/2020, 07:14:07,598
MYSR00000,TrainsLIVE - London,101,12/18/2020, 08:13:45,598
MYSR00000,TrainsLIVE - London,101,12/18/2020, 09:13:22,598
MYSR00000,TrainsLIVE - London,102,12/18/2020, 10:14:05,598
MYSR00000,TrainsLIVE - London,102,12/18/2020, 11:12:25,598
MYSR00000,TrainsLIVE - London,103,12/18/2020, 12:15:14,598
MYSR00000,TrainsLIVE - London,103,12/18/2020, 13:18:05,598
MYSR00000,TrainsLIVE - London,103,12/18/2020, 14:13:48,598
MYSR00000,TrainsLIVE - London,103,12/18/2020, 15:12:31,598
MYSR00000,TrainsLIVE - London,103,12/18/2020, 16:20:44,598
MYSR00000,TrainsLIVE - London,103,12/18/2020, 17:31:52,598
MYSR00000,TrainsLIVE - London,103,12/18/2020, 18:18:19,598
MYSR00000,TrainsLIVE - London,104,12/18/2020, 19:15:07,598
MYSR00000,TrainsLIVE - London,104,12/18/2020, 20:11:21,598
MYSR00000,TrainsLIVE - London,104,12/18/2020, 21:09:52,598
MYSR00000,TrainsLIVE - London,104,12/18/2020, 22:12:57,598
MYSR00000,TrainsLIVE - London,104,12/18/2020, 23:12:00,598
MYSR00000,TrainsLIVE - London,104,12/19/2020, 00:28:39,598
MYSR00000,TrainsLIVE - London,104,12/19/2020, 01:45:51,598
MYSR00000,TrainsLIVE - London,104,12/19/2020, 02:25:12,598
MYSR00000,TrainsLIVE - London,104,12/19/2020, 03:13:15,598
MYSR00000,TrainsLIVE - London,104,12/19/2020, 04:14:00,598
MYSR00000,TrainsLIVE - London,104,12/19/2020, 05:13:10,598
MYSR00000,TrainsLIVE - London,104,12/19/2020, 06:13:08,598
MYSR00000,TrainsLIVE - London,104,12/19/2020, 07:13:45,598
MYSR00000,TrainsLIVE - London,105,12/19/2020, 08:13:08,598
MYSR00000,TrainsLIVE - London,105,12/19/2020, 09:12:18,598
MYSR00000,TrainsLIVE - London,105,12/19/2020, 10:13:33,598
MYSR00000,TrainsLIVE - London,105,12/19/2020, 11:11:41,598
MYSR00000,TrainsLIVE - London,105,12/19/2020, 12:14:47,598
MYSR00000,TrainsLIVE - London,105,12/19/2020, 13:16:26,598
MYSR00000,TrainsLIVE - London,105,12/19/2020, 14:12:43,598
MYSR00000,TrainsLIVE - London,105,12/19/2020, 15:11:03,598
MYSR00000,TrainsLIVE - London,105,12/19/2020, 16:20:02,598
MYSR00000,TrainsLIVE - London,107,12/19/2020, 17:30:32,598
MYSR00000,TrainsLIVE - London,107,12/19/2020, 18:14:52,598
MYSR00000,TrainsLIVE - London,107,12/19/2020, 19:10:41,598
MYSR00000,TrainsLIVE - London,107,12/19/2020, 20:11:27,598
MYSR00000,TrainsLIVE - London,108,12/19/2020, 21:09:26,598
MYSR00000,TrainsLIVE - London,108,12/19/2020, 22:12:45,598
MYSR00000,TrainsLIVE - London,108,12/19/2020, 23:10:28,598
MYSR00000,TrainsLIVE - London,108,12/20/2020, 00:28:52,598
MYSR00000,TrainsLIVE - London,108,12/20/2020, 01:47:26,598
MYSR00000,TrainsLIVE - London,108,12/20/2020, 02:24:43,598
MYSR00000,TrainsLIVE - London,108,12/20/2020, 03:11:43,598
MYSR00000,TrainsLIVE - London,109,12/20/2020, 04:12:48,598
MYSR00000,TrainsLIVE - London,109,12/20/2020, 05:10:29,598
MYSR00000,TrainsLIVE - London,110,12/20/2020, 06:12:46,598
MYSR00000,TrainsLIVE - London,110,12/20/2020, 07:11:29,598
MYSR00000,TrainsLIVE - London,110,12/20/2020, 08:13:11,598
MYSR00000,TrainsLIVE - London,110,12/20/2020, 09:11:13,598
MYSR00000,TrainsLIVE - London,110,12/20/2020, 10:12:11,598
MYSR00000,TrainsLIVE - London,110,12/20/2020, 11:10:56,598
MYSR00000,TrainsLIVE - London,110,12/20/2020, 12:15:03,598
MYSR00000,TrainsLIVE - London,110,12/20/2020, 13:15:36,598
MYSR00000,TrainsLIVE - London,110,12/20/2020, 14:12:24,598
MYSR00000,TrainsLIVE - London,110,12/20/2020, 15:10:46,598
MYSR00000,TrainsLIVE - London,111,12/20/2020, 16:19:12,598
MYSR00000,TrainsLIVE - London,111,12/20/2020, 17:30:12,598
MYSR00000,TrainsLIVE - London,111,12/20/2020, 18:15:13,598
MYSR00000,TrainsLIVE - London,111,12/20/2020, 19:12:13,598
MYSR00000,TrainsLIVE - London,111,12/20/2020, 20:11:27,598
MYSR00000,TrainsLIVE - London,111,12/20/2020, 21:10:08,598
MYSR00000,TrainsLIVE - London,112,12/20/2020, 22:13:26,598
MYSR00000,TrainsLIVE - London,112,12/20/2020, 23:14:12,598
MYSR00000,TrainsLIVE - London,112,12/21/2020, 00:31:01,598
MYSR00000,TrainsLIVE - London,112,12/21/2020, 01:51:35,598
MYSR00000,TrainsLIVE - London,113,12/21/2020, 02:30:21,598
MYSR00000,TrainsLIVE - London,114,12/21/2020, 03:16:49,598
MYSR00000,TrainsLIVE - London,114,12/21/2020, 04:16:09,598
MYSR00000,TrainsLIVE - London,114,12/21/2020, 05:14:49,598
MYSR00000,TrainsLIVE - London,114,12/21/2020, 06:13:21,598
MYSR00000,TrainsLIVE - London,114,12/21/2020, 07:15:33,598
MYSR00000,TrainsLIVE - London,114,12/21/2020, 08:14:10,598
MYSR00000,TrainsLIVE - London,115,12/21/2020, 09:14:51,598
MYSR00000,TrainsLIVE - London,115,12/21/2020, 10:14:35,598
MYSR00000,TrainsLIVE - London,115,12/21/2020, 11:12:46,598
MYSR00000,TrainsLIVE - London,115,12/21/2020, 12:15:28,598
MYSR00000,TrainsLIVE - London,115,12/21/2020, 13:19:57,598
MYSR00000,TrainsLIVE - London,115,12/21/2020, 14:13:26,598
MYSR00000,TrainsLIVE - London,115,12/21/2020, 15:12:17,598
MYSR00000,TrainsLIVE - London,115,12/21/2020, 16:20:44,598
MYSR00000,TrainsLIVE - London,115,12/21/2020, 17:33:45,598
MYSR00000,TrainsLIVE - London,115,12/21/2020, 18:18:52,598
MYSR00000,TrainsLIVE - London,115,12/21/2020, 19:15:53,598
MYSR00000,TrainsLIVE - London,115,12/21/2020, 20:11:57,598
MYSR00000,TrainsLIVE - London,116,12/21/2020, 21:11:18,598
MYSR00000,TrainsLIVE - London,116,12/21/2020, 22:15:16,598
MYSR00000,TrainsLIVE - London,116,12/21/2020, 23:17:27,598
MYSR00000,TrainsLIVE - London,116,12/22/2020, 00:32:20,598
MYSR00000,TrainsLIVE - London,116,12/22/2020, 01:54:09,598
MYSR00000,TrainsLIVE - London,116,12/22/2020, 02:34:27,598
MYSR00000,TrainsLIVE - London,116,12/22/2020, 03:20:05,598
MYSR00000,TrainsLIVE - London,116,12/22/2020, 04:19:38,598
MYSR00000,TrainsLIVE - London,116,12/22/2020, 05:18:09,598
MYSR00000,TrainsLIVE - London,116,12/22/2020, 06:15:27,598
MYSR00000,TrainsLIVE - London,116,12/22/2020, 07:20:18,598
MYSR00000,TrainsLIVE - London,116,12/22/2020, 08:16:17,598
MYSR00000,TrainsLIVE - London,116,12/22/2020, 09:18:39,598
MYSR00000,TrainsLIVE - London,116,12/22/2020, 10:18:21,598
MYSR00000,TrainsLIVE - London,117,12/22/2020, 11:15:39,598
MYSR00000,TrainsLIVE - London,117,12/22/2020, 12:17:59,598
MYSR00000,TrainsLIVE - London,118,12/22/2020, 13:25:11,598
MYSR00000,TrainsLIVE - London,118,12/22/2020, 14:15:22,598
MYSR00000,TrainsLIVE - London,118,12/22/2020, 15:13:56,598
MYSR00000,TrainsLIVE - London,118,12/22/2020, 16:25:08,598
MYSR00000,TrainsLIVE - London,118,12/22/2020, 17:38:19,598
MYSR00000,TrainsLIVE - London,119,12/22/2020, 18:23:14,598
MYSR00000,TrainsLIVE - London,119,12/22/2020, 19:19:27,598
MYSR00000,TrainsLIVE - London,119,12/22/2020, 20:12:55,598
MYSR00000,TrainsLIVE - London,119,12/22/2020, 21:12:09,598
MYSR00000,TrainsLIVE - London,119,12/22/2020, 22:16:33,598
MYSR00000,TrainsLIVE - London,119,12/22/2020, 23:18:59,598
MYSR00000,TrainsLIVE - London,119,12/23/2020, 00:34:09,598
MYSR00000,TrainsLIVE - London,120,12/23/2020, 01:57:55,598
MYSR00000,TrainsLIVE - London,120,12/23/2020, 02:44:22,598
MYSR00000,TrainsLIVE - London,120,12/23/2020, 03:21:24,598
MYSR00000,TrainsLIVE - London,120,12/23/2020, 04:21:07,598
MYSR00000,TrainsLIVE - London,120,12/23/2020, 05:20:48,598
MYSR00000,TrainsLIVE - London,120,12/23/2020, 06:15:31,598
MYSR00000,TrainsLIVE - London,120,12/23/2020, 07:22:04,598
MYSR00000,TrainsLIVE - London,120,12/23/2020, 08:17:01,598
MYSR00000,TrainsLIVE - London,120,12/23/2020, 09:19:36,598
MYSR00000,TrainsLIVE - London,120,12/23/2020, 10:19:30,598
MYSR00000,TrainsLIVE - London,120,12/23/2020, 11:16:06,598
MYSR00000,TrainsLIVE - London,120,12/23/2020, 12:17:46,598
MYSR00000,TrainsLIVE - London,120,12/23/2020, 13:25:29,598
MYSR00000,TrainsLIVE - London,120,12/23/2020, 14:15:18,598
MYSR00000,TrainsLIVE - London,120,12/23/2020, 15:14:17,598
MYSR00000,TrainsLIVE - London,120,12/23/2020, 16:26:38,598
MYSR00000,TrainsLIVE - London,120,12/23/2020, 17:41:39,598
MYSR00000,TrainsLIVE - London,120,12/23/2020, 18:28:29,598
MYSR00000,TrainsLIVE - London,120,12/23/2020, 19:23:40,598
MYSR00000,TrainsLIVE - London,120,12/23/2020, 20:13:49,598
MYSR00000,TrainsLIVE - London,120,12/23/2020, 21:12:42,598
MYSR00000,TrainsLIVE - London,120,12/23/2020, 22:17:16,598
MYSR00000,TrainsLIVE - London,120,12/23/2020, 23:20:11,598
MYSR00000,TrainsLIVE - London,120,12/24/2020, 00:37:06,598
MYSR00000,TrainsLIVE - London,121,12/24/2020, 02:02:31,598
MYSR00000,TrainsLIVE - London,121,12/24/2020, 03:23:39,598
MYSR00000,TrainsLIVE - London,121,12/24/2020, 04:23:16,598
MYSR00000,TrainsLIVE - London,121,12/24/2020, 05:22:21,598
MYSR00000,TrainsLIVE - London,121,12/24/2020, 06:16:50,598
MYSR00000,TrainsLIVE - London,121,12/24/2020, 07:22:35,598
MYSR00000,TrainsLIVE - London,121,12/24/2020, 08:17:25,598
MYSR00000,TrainsLIVE - London,121,12/24/2020, 09:20:00,598
MYSR00000,TrainsLIVE - London,121,12/24/2020, 10:19:55,598
MYSR00000,TrainsLIVE - London,121,12/24/2020, 11:16:36,598
MYSR00000,TrainsLIVE - London,121,12/24/2020, 12:17:45,598
MYSR00000,TrainsLIVE - London,121,12/24/2020, 13:25:48,598
MYSR00000,TrainsLIVE - London,122,12/24/2020, 14:15:23,598
MYSR00000,TrainsLIVE - London,122,12/24/2020, 15:14:12,598
MYSR00000,TrainsLIVE - London,122,12/24/2020, 16:27:12,598
MYSR00000,TrainsLIVE - London,122,12/24/2020, 17:43:06,598
MYSR00000,TrainsLIVE - London,122,12/24/2020, 18:29:39,598
MYSR00000,TrainsLIVE - London,122,12/24/2020, 19:25:12,598
MYSR00000,TrainsLIVE - London,122,12/24/2020, 20:14:01,598
MYSR00000,TrainsLIVE - London,122,12/24/2020, 21:12:33,598
MYSR00000,TrainsLIVE - London,122,12/24/2020, 22:15:54,598
MYSR00000,TrainsLIVE - London,122,12/24/2020, 23:18:43,598
MYSR00000,TrainsLIVE - London,122,12/25/2020, 00:34:27,598
MYSR00000,TrainsLIVE - London,122,12/25/2020, 01:58:59,598
MYSR00000,TrainsLIVE - London,122,12/25/2020, 02:44:31,598
MYSR00000,TrainsLIVE - London,122,12/25/2020, 03:19:49,598
MYSR00000,TrainsLIVE - London,122,12/25/2020, 04:18:34,598
MYSR00000,TrainsLIVE - London,122,12/25/2020, 05:18:00,598
MYSR00000,TrainsLIVE - London,122,12/25/2020, 06:13:32,598
MYSR00000,TrainsLIVE - London,122,12/25/2020, 07:17:59,598
MYSR00000,TrainsLIVE - London,122,12/25/2020, 08:14:37,598
MYSR00000,TrainsLIVE - London,122,12/25/2020, 09:16:49,598
MYSR00000,TrainsLIVE - London,122,12/25/2020, 10:16:32,598
MYSR00000,TrainsLIVE - London,122,12/25/2020, 11:13:19,598
MYSR00000,TrainsLIVE - London,122,12/25/2020, 12:15:36,598
MYSR00000,TrainsLIVE - London,122,12/25/2020, 13:21:47,598
MYSR00000,TrainsLIVE - London,122,12/25/2020, 14:12:35,598
MYSR00000,TrainsLIVE - London,122,12/25/2020, 15:11:44,598
MYSR00000,TrainsLIVE - London,122,12/25/2020, 16:22:31,598
MYSR00000,TrainsLIVE - London,122,12/25/2020, 17:39:07,598
MYSR00000,TrainsLIVE - London,122,12/25/2020, 18:24:15,598
MYSR00000,TrainsLIVE - London,122,12/25/2020, 19:20:20,598
MYSR00000,TrainsLIVE - London,122,12/25/2020, 20:11:13,598
MYSR00000,TrainsLIVE - London,123,12/25/2020, 21:10:19,598
MYSR00000,TrainsLIVE - London,123,12/25/2020, 22:14:44,598
MYSR00000,TrainsLIVE - London,124,12/25/2020, 23:17:53,598
MYSR00000,TrainsLIVE - London,124,12/26/2020, 00:33:18,598
MYSR00000,TrainsLIVE - London,124,12/26/2020, 01:57:56,598
MYSR00000,TrainsLIVE - London,124,12/26/2020, 02:43:07,598
MYSR00000,TrainsLIVE - London,124,12/26/2020, 03:19:41,598
MYSR00000,TrainsLIVE - London,124,12/26/2020, 04:18:43,598
MYSR00000,TrainsLIVE - London,124,12/26/2020, 05:18:12,598
MYSR00000,TrainsLIVE - London,124,12/26/2020, 06:13:24,598
MYSR00000,TrainsLIVE - London,124,12/26/2020, 07:18:13,598
MYSR00000,TrainsLIVE - London,124,12/26/2020, 08:14:08,598
MYSR00000,TrainsLIVE - London,124,12/26/2020, 09:16:32,598
MYSR00000,TrainsLIVE - London,124,12/26/2020, 10:16:23,598
MYSR00000,TrainsLIVE - London,124,12/26/2020, 11:13:23,598
MYSR00000,TrainsLIVE - London,124,12/26/2020, 12:15:31,598
MYSR00000,TrainsLIVE - London,124,12/26/2020, 13:21:26,598
MYSR00000,TrainsLIVE - London,124,12/26/2020, 14:12:20,598
MYSR00000,TrainsLIVE - London,124,12/26/2020, 15:11:01,598
MYSR00000,TrainsLIVE - London,124,12/26/2020, 16:21:50,598
MYSR00000,TrainsLIVE - London,124,12/26/2020, 17:39:25,598
MYSR00000,TrainsLIVE - London,124,12/26/2020, 18:24:32,598
MYSR00000,TrainsLIVE - London,124,12/26/2020, 19:20:18,598
MYSR00000,TrainsLIVE - London,124,12/26/2020, 20:10:55,598
MYSR00000,TrainsLIVE - London,124,12/26/2020, 21:10:15,598
MYSR00000,TrainsLIVE - London,124,12/26/2020, 22:14:47,598
MYSR00000,TrainsLIVE - London,124,12/26/2020, 23:18:08,598
MYSR00000,TrainsLIVE - London,124,12/27/2020, 00:35:18,598
MYSR00000,TrainsLIVE - London,124,12/27/2020, 02:03:18,598
MYSR00000,TrainsLIVE - London,124,12/27/2020, 03:20:31,598
MYSR00000,TrainsLIVE - London,124,12/27/2020, 04:19:46,598
MYSR00000,TrainsLIVE - London,124,12/27/2020, 05:19:01,598
MYSR00000,TrainsLIVE - London,125,12/27/2020, 06:13:16,598
MYSR00000,TrainsLIVE - London,125,12/27/2020, 07:18:38,598
MYSR00000,TrainsLIVE - London,125,12/27/2020, 08:14:32,598
MYSR00000,TrainsLIVE - London,125,12/27/2020, 09:16:56,598
MYSR00000,TrainsLIVE - London,125,12/27/2020, 10:16:55,598
MYSR00000,TrainsLIVE - London,125,12/27/2020, 11:13:46,598
MYSR00000,TrainsLIVE - London,127,12/27/2020, 12:15:28,598
MYSR00000,TrainsLIVE - London,128,12/27/2020, 13:21:45,598
MYSR00000,TrainsLIVE - London,128,12/27/2020, 14:12:25,598
MYSR00000,TrainsLIVE - London,128,12/27/2020, 15:11:19,598
MYSR00000,TrainsLIVE - London,128,12/27/2020, 16:22:09,598
MYSR00000,TrainsLIVE - London,128,12/27/2020, 17:40:20,598
MYSR00000,TrainsLIVE - London,128,12/27/2020, 18:25:59,598
MYSR00000,TrainsLIVE - London,128,12/27/2020, 19:21:02,598
MYSR00000,TrainsLIVE - London,128,12/27/2020, 20:11:19,598
MYSR00000,TrainsLIVE - London,128,12/27/2020, 21:10:23,598
MYSR00000,TrainsLIVE - London,128,12/27/2020, 22:15:07,598
MYSR00000,TrainsLIVE - London,128,12/27/2020, 23:18:41,598
MYSR00000,TrainsLIVE - London,128,12/28/2020, 00:35:32,598
MYSR00000,TrainsLIVE - London,128,12/28/2020, 02:03:13,598
MYSR00000,TrainsLIVE - London,128,12/28/2020, 03:21:21,598
MYSR00000,TrainsLIVE - London,128,12/28/2020, 04:21:01,598
MYSR00000,TrainsLIVE - London,128,12/28/2020, 05:20:19,598
MYSR00000,TrainsLIVE - London,128,12/28/2020, 06:14:30,598
MYSR00000,TrainsLIVE - London,128,12/28/2020, 07:20:16,598
MYSR00000,TrainsLIVE - London,128,12/28/2020, 08:15:36,598
MYSR00000,TrainsLIVE - London,128,12/28/2020, 09:18:04,598
MYSR00000,TrainsLIVE - London,128,12/28/2020, 10:18:21,598
MYSR00000,TrainsLIVE - London,128,12/28/2020, 11:14:50,598
MYSR00000,TrainsLIVE - London,128,12/28/2020, 12:15:57,598
MYSR00000,TrainsLIVE - London,128,12/28/2020, 13:23:55,598
MYSR00000,TrainsLIVE - London,128,12/28/2020, 14:13:42,598
MYSR00000,TrainsLIVE - London,128,12/28/2020, 15:12:09,598
MYSR00000,TrainsLIVE - London,128,12/28/2020, 16:24:29,598
MYSR00000,TrainsLIVE - London,128,12/28/2020, 17:43:13,598
MYSR00000,TrainsLIVE - London,128,12/28/2020, 18:30:06,598
MYSR00000,TrainsLIVE - London,129,12/28/2020, 19:24:38,598
MYSR00000,TrainsLIVE - London,129,12/28/2020, 20:13:31,598
MYSR00000,TrainsLIVE - London,129,12/28/2020, 21:11:22,598
MYSR00000,TrainsLIVE - London,130,12/28/2020, 22:15:57,598
MYSR00000,TrainsLIVE - London,130,12/28/2020, 23:20:30,598
MYSR00000,TrainsLIVE - London,130,12/29/2020, 00:36:28,598
MYSR00000,TrainsLIVE - London,130,12/29/2020, 02:04:46,598
MYSR00000,TrainsLIVE - London,130,12/29/2020, 03:23:22,598
MYSR00000,TrainsLIVE - London,130,12/29/2020, 04:23:51,598
MYSR00000,TrainsLIVE - London,130,12/29/2020, 05:22:47,598
MYSR00000,TrainsLIVE - London,130,12/29/2020, 06:16:05,598
MYSR00000,TrainsLIVE - London,130,12/29/2020, 07:21:48,598
MYSR00000,TrainsLIVE - London,130,12/29/2020, 08:16:54,598
MYSR00000,TrainsLIVE - London,130,12/29/2020, 09:20:35,598
MYSR00000,TrainsLIVE - London,130,12/29/2020, 10:20:36,598
MYSR00000,TrainsLIVE - London,130,12/29/2020, 11:17:22,598
MYSR00000,TrainsLIVE - London,130,12/29/2020, 12:17:03,598
MYSR00000,TrainsLIVE - London,130,12/29/2020, 13:26:32,598
