PICOLOOP1,Picoloop,2220,06/18/2020, 12:35:47,191
PICOLOOP1,Picoloop,2220,06/18/2020, 13:04:35,191
PICOLOOP1,Picoloop,2220,06/18/2020, 14:06:21,191
PICOLOOP1,Picoloop,2222,06/18/2020, 15:04:55,191
PICOLOOP1,Picoloop,2222,06/18/2020, 16:05:12,191
PICOLOOP1,Picoloop,2222,06/18/2020, 17:05:41,191
PICOLOOP1,Picoloop,2222,06/18/2020, 18:05:02,191
PICOLOOP1,Picoloop,2222,06/18/2020, 19:04:27,191
PICOLOOP1,Picoloop,2222,06/18/2020, 20:05:19,191
PICOLOOP1,Picoloop,2222,06/18/2020, 21:05:10,191
PICOLOOP1,Picoloop,2222,06/18/2020, 22:04:46,191
PICOLOOP1,Picoloop,2222,06/18/2020, 23:05:11,191
PICOLOOP1,Picoloop,2222,06/19/2020, 00:13:11,191
PICOLOOP1,Picoloop,2222,06/19/2020, 01:06:05,191
PICOLOOP1,Picoloop,2222,06/19/2020, 02:04:57,191
PICOLOOP1,Picoloop,2222,06/19/2020, 03:04:46,191
PICOLOOP1,Picoloop,2222,06/19/2020, 04:05:13,191
PICOLOOP1,Picoloop,2222,06/19/2020, 05:06:07,191
PICOLOOP1,Picoloop,2223,06/19/2020, 06:06:05,191
PICOLOOP1,Picoloop,2223,06/19/2020, 07:05:04,191
PICOLOOP1,Picoloop,2223,06/19/2020, 08:06:41,191
PICOLOOP1,Picoloop,2223,06/19/2020, 09:04:55,191
PICOLOOP1,Picoloop,2223,06/19/2020, 10:04:43,191
PICOLOOP1,Picoloop,2223,06/19/2020, 11:04:34,191
PICOLOOP1,Picoloop,2223,06/19/2020, 12:06:20,191
PICOLOOP1,Picoloop,2223,06/19/2020, 13:04:42,191
PICOLOOP1,Picoloop,2223,06/19/2020, 14:05:08,191
PICOLOOP1,Picoloop,2223,06/19/2020, 15:04:58,191
PICOLOOP1,Picoloop,2223,06/19/2020, 16:05:19,191
PICOLOOP1,Picoloop,2223,06/19/2020, 17:04:50,191
PICOLOOP1,Picoloop,2223,06/19/2020, 18:05:08,191
PICOLOOP1,Picoloop,2223,06/19/2020, 19:04:30,191
PICOLOOP1,Picoloop,2223,06/19/2020, 20:05:26,191
PICOLOOP1,Picoloop,2223,06/19/2020, 21:04:53,191
PICOLOOP1,Picoloop,2223,06/19/2020, 22:04:36,191
PICOLOOP1,Picoloop,2223,06/19/2020, 23:04:21,191
PICOLOOP1,Picoloop,2223,06/20/2020, 00:12:44,191
PICOLOOP1,Picoloop,2223,06/20/2020, 01:05:16,191
PICOLOOP1,Picoloop,2223,06/20/2020, 02:05:48,191
PICOLOOP1,Picoloop,2223,06/20/2020, 03:05:55,191
PICOLOOP1,Picoloop,2223,06/20/2020, 04:06:13,191
PICOLOOP1,Picoloop,2223,06/20/2020, 05:05:00,191
PICOLOOP1,Picoloop,2223,06/20/2020, 06:05:56,191
PICOLOOP1,Picoloop,2223,06/20/2020, 07:06:07,191
PICOLOOP1,Picoloop,2223,06/20/2020, 08:05:12,191
PICOLOOP1,Picoloop,2223,06/20/2020, 09:05:33,191
PICOLOOP1,Picoloop,2223,06/20/2020, 10:05:49,191
PICOLOOP1,Picoloop,2223,06/20/2020, 11:05:49,191
PICOLOOP1,Picoloop,2223,06/20/2020, 12:06:20,191
PICOLOOP1,Picoloop,2223,06/20/2020, 13:05:02,191
PICOLOOP1,Picoloop,2223,06/20/2020, 14:05:52,191
PICOLOOP1,Picoloop,2223,06/20/2020, 15:04:41,191
PICOLOOP1,Picoloop,2223,06/20/2020, 16:05:09,191
PICOLOOP1,Picoloop,2223,06/20/2020, 17:05:16,191
PICOLOOP1,Picoloop,2223,06/20/2020, 18:05:07,191
PICOLOOP1,Picoloop,2223,06/20/2020, 19:05:51,191
PICOLOOP1,Picoloop,2223,06/20/2020, 20:05:20,191
PICOLOOP1,Picoloop,2223,06/20/2020, 21:05:02,191
PICOLOOP1,Picoloop,2223,06/20/2020, 22:04:21,191
PICOLOOP1,Picoloop,2223,06/20/2020, 23:06:32,191
PICOLOOP1,Picoloop,2223,06/21/2020, 00:13:56,191
PICOLOOP1,Picoloop,2223,06/21/2020, 01:05:05,191
PICOLOOP1,Picoloop,2223,06/21/2020, 02:09:09,191
PICOLOOP1,Picoloop,2223,06/21/2020, 03:05:06,191
PICOLOOP1,Picoloop,2223,06/21/2020, 04:06:08,191
PICOLOOP1,Picoloop,2223,06/21/2020, 05:04:41,191
PICOLOOP1,Picoloop,2223,06/21/2020, 06:06:03,191
PICOLOOP1,Picoloop,2223,06/21/2020, 07:04:56,191
PICOLOOP1,Picoloop,2223,06/21/2020, 08:05:14,191
PICOLOOP1,Picoloop,2223,06/21/2020, 09:05:00,191
PICOLOOP1,Picoloop,2223,06/21/2020, 10:06:08,191
PICOLOOP1,Picoloop,2223,06/21/2020, 11:05:57,191
PICOLOOP1,Picoloop,2223,06/21/2020, 12:06:15,191
PICOLOOP1,Picoloop,2223,06/21/2020, 13:04:49,191
PICOLOOP1,Picoloop,2223,06/21/2020, 14:05:51,191
PICOLOOP1,Picoloop,2223,06/21/2020, 15:05:39,191
PICOLOOP1,Picoloop,2223,06/21/2020, 16:04:51,191
PICOLOOP1,Picoloop,2223,06/21/2020, 17:04:40,191
PICOLOOP1,Picoloop,2224,06/21/2020, 18:05:32,191
PICOLOOP1,Picoloop,2224,06/21/2020, 19:06:02,191
PICOLOOP1,Picoloop,2224,06/21/2020, 20:05:29,191
PICOLOOP1,Picoloop,2224,06/21/2020, 21:04:52,191
PICOLOOP1,Picoloop,2224,06/21/2020, 22:04:51,191
PICOLOOP1,Picoloop,2224,06/21/2020, 23:04:58,191
PICOLOOP1,Picoloop,2224,06/22/2020, 00:13:04,191
PICOLOOP1,Picoloop,2224,06/22/2020, 01:05:16,191
PICOLOOP1,Picoloop,2224,06/22/2020, 02:05:28,191
PICOLOOP1,Picoloop,2224,06/22/2020, 03:05:02,191
PICOLOOP1,Picoloop,2224,06/22/2020, 04:05:20,191
PICOLOOP1,Picoloop,2224,06/22/2020, 05:05:04,191
PICOLOOP1,Picoloop,2224,06/22/2020, 06:06:04,191
PICOLOOP1,Picoloop,2224,06/22/2020, 07:04:51,191
PICOLOOP1,Picoloop,2224,06/22/2020, 08:05:46,191
PICOLOOP1,Picoloop,2224,06/22/2020, 09:04:58,191
PICOLOOP1,Picoloop,2224,06/22/2020, 10:05:33,191
PICOLOOP1,Picoloop,2224,06/22/2020, 11:05:04,191
PICOLOOP1,Picoloop,2224,06/22/2020, 12:06:42,191
PICOLOOP1,Picoloop,2224,06/22/2020, 13:05:14,191
PICOLOOP1,Picoloop,2224,06/22/2020, 14:05:02,191
PICOLOOP1,Picoloop,2224,06/22/2020, 15:05:30,191
PICOLOOP1,Picoloop,2224,06/22/2020, 16:05:01,191
PICOLOOP1,Picoloop,2224,06/22/2020, 17:04:47,191
PICOLOOP1,Picoloop,2224,06/22/2020, 18:05:12,191
PICOLOOP1,Picoloop,2224,06/22/2020, 19:04:33,191
PICOLOOP1,Picoloop,2225,06/22/2020, 20:05:48,191
PICOLOOP1,Picoloop,2225,06/22/2020, 21:04:48,191
PICOLOOP1,Picoloop,2225,06/22/2020, 22:04:35,191
PICOLOOP1,Picoloop,2225,06/22/2020, 23:04:24,191
PICOLOOP1,Picoloop,2225,06/23/2020, 00:12:58,191
PICOLOOP1,Picoloop,2225,06/23/2020, 01:05:16,191
PICOLOOP1,Picoloop,2225,06/23/2020, 02:05:57,191
PICOLOOP1,Picoloop,2226,06/23/2020, 03:04:56,191
PICOLOOP1,Picoloop,2226,06/23/2020, 04:05:17,191
PICOLOOP1,Picoloop,2226,06/23/2020, 05:06:06,191
PICOLOOP1,Picoloop,2226,06/23/2020, 06:05:36,191
PICOLOOP1,Picoloop,2226,06/23/2020, 07:05:05,191
PICOLOOP1,Picoloop,2226,06/23/2020, 08:06:03,191
PICOLOOP1,Picoloop,2226,06/23/2020, 09:04:48,191
PICOLOOP1,Picoloop,2226,06/23/2020, 10:04:48,191
PICOLOOP1,Picoloop,2226,06/23/2020, 11:04:37,191
PICOLOOP1,Picoloop,2226,06/23/2020, 12:06:26,191
PICOLOOP1,Picoloop,2226,06/23/2020, 13:04:46,191
PICOLOOP1,Picoloop,2226,06/23/2020, 14:31:49,191
PICOLOOP1,Picoloop,2226,06/23/2020, 15:05:00,191
PICOLOOP1,Picoloop,2226,06/23/2020, 16:05:01,191
PICOLOOP1,Picoloop,2226,06/23/2020, 17:04:46,191
PICOLOOP1,Picoloop,2226,06/23/2020, 18:05:13,191
PICOLOOP1,Picoloop,2226,06/23/2020, 19:04:32,191
PICOLOOP1,Picoloop,2226,06/23/2020, 20:05:30,191
PICOLOOP1,Picoloop,2226,06/23/2020, 21:04:46,191
PICOLOOP1,Picoloop,2226,06/23/2020, 22:04:35,191
PICOLOOP1,Picoloop,2226,06/23/2020, 23:04:23,191
PICOLOOP1,Picoloop,2226,06/24/2020, 00:12:39,191
PICOLOOP1,Picoloop,2226,06/24/2020, 01:05:34,191
PICOLOOP1,Picoloop,2226,06/24/2020, 02:06:20,191
PICOLOOP1,Picoloop,2226,06/24/2020, 03:04:45,191
PICOLOOP1,Picoloop,2226,06/24/2020, 04:06:00,191
PICOLOOP1,Picoloop,2226,06/24/2020, 05:04:54,191
PICOLOOP1,Picoloop,2226,06/24/2020, 06:05:16,191
PICOLOOP1,Picoloop,2226,06/24/2020, 07:05:18,191
PICOLOOP1,Picoloop,2226,06/24/2020, 08:05:48,191
PICOLOOP1,Picoloop,2226,06/24/2020, 09:04:55,191
PICOLOOP1,Picoloop,2226,06/24/2020, 10:04:47,191
PICOLOOP1,Picoloop,2226,06/24/2020, 11:04:57,191
PICOLOOP1,Picoloop,2226,06/24/2020, 12:06:27,191
PICOLOOP1,Picoloop,2227,06/24/2020, 13:05:08,191
PICOLOOP1,Picoloop,2227,06/24/2020, 14:05:04,191
PICOLOOP1,Picoloop,2227,06/24/2020, 15:06:28,191
PICOLOOP1,Picoloop,2227,06/24/2020, 16:05:09,191
PICOLOOP1,Picoloop,2227,06/24/2020, 17:05:41,191
PICOLOOP1,Picoloop,2227,06/24/2020, 18:04:53,191
PICOLOOP1,Picoloop,2227,06/24/2020, 19:04:45,191
PICOLOOP1,Picoloop,2227,06/24/2020, 20:05:14,191
PICOLOOP1,Picoloop,2227,06/24/2020, 21:06:44,191
PICOLOOP1,Picoloop,2227,06/24/2020, 22:04:52,191
PICOLOOP1,Picoloop,2227,06/24/2020, 23:04:55,191
PICOLOOP1,Picoloop,2227,06/25/2020, 00:13:08,191
PICOLOOP1,Picoloop,2227,06/25/2020, 01:05:36,191
PICOLOOP1,Picoloop,2227,06/25/2020, 02:06:05,191
PICOLOOP1,Picoloop,2227,06/25/2020, 03:04:48,191
PICOLOOP1,Picoloop,2227,06/25/2020, 04:07:10,191
PICOLOOP1,Picoloop,2227,06/25/2020, 05:05:45,191
PICOLOOP1,Picoloop,2227,06/25/2020, 06:13:28,191
PICOLOOP1,Picoloop,2227,06/25/2020, 07:05:45,191
PICOLOOP1,Picoloop,2227,06/25/2020, 08:05:40,191
PICOLOOP1,Picoloop,2227,06/25/2020, 09:05:13,191
PICOLOOP1,Picoloop,2227,06/25/2020, 10:04:59,191
PICOLOOP1,Picoloop,2227,06/25/2020, 11:04:54,191
PICOLOOP1,Picoloop,2227,06/25/2020, 12:06:33,191
PICOLOOP1,Picoloop,2227,06/25/2020, 13:04:48,191
PICOLOOP1,Picoloop,2227,06/25/2020, 14:04:58,191
PICOLOOP1,Picoloop,2227,06/25/2020, 15:04:55,191
PICOLOOP1,Picoloop,2227,06/25/2020, 16:05:03,191
PICOLOOP1,Picoloop,2227,06/25/2020, 17:05:42,191
PICOLOOP1,Picoloop,2227,06/25/2020, 18:07:17,191
PICOLOOP1,Picoloop,2227,06/25/2020, 19:04:48,191
PICOLOOP1,Picoloop,2227,06/25/2020, 20:06:34,191
PICOLOOP1,Picoloop,2227,06/25/2020, 21:04:48,191
PICOLOOP1,Picoloop,2227,06/25/2020, 22:06:40,191
PICOLOOP1,Picoloop,2227,06/25/2020, 23:04:37,191
PICOLOOP1,Picoloop,2227,06/26/2020, 00:13:15,191
PICOLOOP1,Picoloop,2227,06/26/2020, 01:05:22,191
PICOLOOP1,Picoloop,2227,06/26/2020, 02:05:42,191
PICOLOOP1,Picoloop,2227,06/26/2020, 03:05:08,191
PICOLOOP1,Picoloop,2227,06/26/2020, 04:05:16,191
PICOLOOP1,Picoloop,2227,06/26/2020, 05:05:03,191
PICOLOOP1,Picoloop,2227,06/26/2020, 06:06:20,191
PICOLOOP1,Picoloop,2227,06/26/2020, 07:04:51,191
PICOLOOP1,Picoloop,2227,06/26/2020, 08:05:48,191
PICOLOOP1,Picoloop,2228,06/26/2020, 09:05:07,191
PICOLOOP1,Picoloop,2228,06/26/2020, 10:04:59,191
PICOLOOP1,Picoloop,2228,06/26/2020, 11:04:49,191
PICOLOOP1,Picoloop,2228,06/26/2020, 12:06:56,191
PICOLOOP1,Picoloop,2228,06/26/2020, 13:05:06,191
PICOLOOP1,Picoloop,2228,06/26/2020, 14:04:54,191
PICOLOOP1,Picoloop,2228,06/26/2020, 15:04:49,191
PICOLOOP1,Picoloop,2228,06/26/2020, 16:05:04,191
PICOLOOP1,Picoloop,2229,06/26/2020, 17:05:23,191
PICOLOOP1,Picoloop,2229,06/26/2020, 18:05:21,191
PICOLOOP1,Picoloop,2229,06/26/2020, 19:04:42,191
PICOLOOP1,Picoloop,2229,06/26/2020, 20:05:47,191
PICOLOOP1,Picoloop,2229,06/26/2020, 21:04:56,191
PICOLOOP1,Picoloop,2229,06/26/2020, 22:04:48,191
PICOLOOP1,Picoloop,2229,06/26/2020, 23:04:38,191
PICOLOOP1,Picoloop,2230,06/27/2020, 00:13:15,191
PICOLOOP1,Picoloop,2230,06/27/2020, 01:05:35,191
PICOLOOP1,Picoloop,2230,06/27/2020, 02:07:18,191
PICOLOOP1,Picoloop,2230,06/27/2020, 03:04:48,191
PICOLOOP1,Picoloop,2230,06/27/2020, 04:07:48,191
PICOLOOP1,Picoloop,2230,06/27/2020, 05:08:45,191
PICOLOOP1,Picoloop,2230,06/27/2020, 06:05:58,191
PICOLOOP1,Picoloop,2230,06/27/2020, 07:07:04,191
PICOLOOP1,Picoloop,2230,06/27/2020, 08:06:57,191
PICOLOOP1,Picoloop,2230,06/27/2020, 09:07:06,191
PICOLOOP1,Picoloop,2230,06/27/2020, 10:06:55,191
PICOLOOP1,Picoloop,2230,06/27/2020, 11:04:45,191
PICOLOOP1,Picoloop,2230,06/27/2020, 12:06:05,191
PICOLOOP1,Picoloop,2230,06/27/2020, 13:05:10,191
PICOLOOP1,Picoloop,2230,06/27/2020, 14:05:46,191
PICOLOOP1,Picoloop,2230,06/27/2020, 15:04:47,191
PICOLOOP1,Picoloop,2230,06/27/2020, 16:05:12,191
PICOLOOP1,Picoloop,2230,06/27/2020, 17:05:34,191
PICOLOOP1,Picoloop,2231,06/27/2020, 18:05:25,191
PICOLOOP1,Picoloop,2231,06/27/2020, 19:04:56,191
PICOLOOP1,Picoloop,2231,06/27/2020, 20:05:37,191
PICOLOOP1,Picoloop,2231,06/27/2020, 21:05:53,191
PICOLOOP1,Picoloop,2231,06/27/2020, 22:05:04,191
PICOLOOP1,Picoloop,2231,06/27/2020, 23:05:44,191
PICOLOOP1,Picoloop,2231,06/28/2020, 00:14:11,191
PICOLOOP1,Picoloop,2231,06/28/2020, 01:05:24,191
PICOLOOP1,Picoloop,2231,06/28/2020, 02:06:01,191
PICOLOOP1,Picoloop,2231,06/28/2020, 03:05:18,191
PICOLOOP1,Picoloop,2232,06/28/2020, 04:06:19,191
PICOLOOP1,Picoloop,2232,06/28/2020, 05:04:44,191
PICOLOOP1,Picoloop,2232,06/28/2020, 06:06:43,191
PICOLOOP1,Picoloop,2232,06/28/2020, 07:05:12,191
PICOLOOP1,Picoloop,2232,06/28/2020, 08:05:32,191
PICOLOOP1,Picoloop,2232,06/28/2020, 09:05:34,191
PICOLOOP1,Picoloop,2232,06/28/2020, 10:05:06,191
PICOLOOP1,Picoloop,2232,06/28/2020, 11:05:07,191
PICOLOOP1,Picoloop,2232,06/28/2020, 12:06:10,191
PICOLOOP1,Picoloop,2232,06/28/2020, 13:04:55,191
PICOLOOP1,Picoloop,2232,06/28/2020, 14:07:57,191
PICOLOOP1,Picoloop,2232,06/28/2020, 15:10:33,191
PICOLOOP1,Picoloop,2232,06/28/2020, 16:05:02,191
PICOLOOP1,Picoloop,2232,06/28/2020, 17:04:46,191
PICOLOOP1,Picoloop,2232,06/28/2020, 18:05:06,191
PICOLOOP1,Picoloop,2232,06/28/2020, 19:07:04,191
PICOLOOP1,Picoloop,2232,06/28/2020, 20:05:15,191
PICOLOOP1,Picoloop,2232,06/28/2020, 21:08:13,191
PICOLOOP1,Picoloop,2232,06/28/2020, 22:07:08,191
PICOLOOP1,Picoloop,2232,06/28/2020, 23:04:41,191
PICOLOOP1,Picoloop,2232,06/29/2020, 00:13:46,191
PICOLOOP1,Picoloop,2232,06/29/2020, 01:05:18,191
PICOLOOP1,Picoloop,2232,06/29/2020, 02:05:51,191
PICOLOOP1,Picoloop,2232,06/29/2020, 03:05:05,191
PICOLOOP1,Picoloop,2232,06/29/2020, 04:05:13,191
PICOLOOP1,Picoloop,2232,06/29/2020, 05:05:08,191
PICOLOOP1,Picoloop,2232,06/29/2020, 06:05:33,191
PICOLOOP1,Picoloop,2232,06/29/2020, 07:05:16,191
PICOLOOP1,Picoloop,2232,06/29/2020, 08:05:45,191
PICOLOOP1,Picoloop,2232,06/29/2020, 09:06:33,191
PICOLOOP1,Picoloop,2234,06/29/2020, 11:05:30,191
PICOLOOP1,Picoloop,2234,06/29/2020, 12:06:37,191
PICOLOOP1,Picoloop,2234,06/29/2020, 13:04:58,191
PICOLOOP1,Picoloop,2234,06/29/2020, 14:05:21,191
PICOLOOP1,Picoloop,2234,06/29/2020, 15:04:50,191
PICOLOOP1,Picoloop,2234,06/29/2020, 16:09:13,191
PICOLOOP1,Picoloop,2234,06/29/2020, 17:05:23,191
PICOLOOP1,Picoloop,2234,06/29/2020, 18:05:27,191
PICOLOOP1,Picoloop,2234,06/29/2020, 19:04:50,191
PICOLOOP1,Picoloop,2234,06/29/2020, 20:05:41,191
PICOLOOP1,Picoloop,2235,06/29/2020, 21:05:10,191
PICOLOOP1,Picoloop,2235,06/29/2020, 22:04:55,191
PICOLOOP1,Picoloop,2235,06/29/2020, 23:04:56,191
PICOLOOP1,Picoloop,2235,06/30/2020, 00:13:24,191
PICOLOOP1,Picoloop,2235,06/30/2020, 01:05:14,191
PICOLOOP1,Picoloop,2235,06/30/2020, 02:05:48,191
PICOLOOP1,Picoloop,2235,06/30/2020, 03:04:54,191
PICOLOOP1,Picoloop,2235,06/30/2020, 04:05:57,191
PICOLOOP1,Picoloop,2235,06/30/2020, 05:05:05,191
PICOLOOP1,Picoloop,2235,06/30/2020, 06:05:25,191
PICOLOOP1,Picoloop,2235,06/30/2020, 07:05:08,191
PICOLOOP1,Picoloop,2235,06/30/2020, 08:05:56,191
PICOLOOP1,Picoloop,2235,06/30/2020, 09:05:08,191
PICOLOOP1,Picoloop,2235,06/30/2020, 10:05:06,191
PICOLOOP1,Picoloop,2235,06/30/2020, 11:04:51,191
PICOLOOP1,Picoloop,2235,06/30/2020, 12:06:27,191
PICOLOOP1,Picoloop,2235,06/30/2020, 13:04:51,191
PICOLOOP1,Picoloop,2235,06/30/2020, 14:31:49,191
PICOLOOP1,Picoloop,2235,06/30/2020, 15:05:08,191
PICOLOOP1,Picoloop,2235,06/30/2020, 16:05:36,191
PICOLOOP1,Picoloop,2235,06/30/2020, 17:04:50,191
PICOLOOP1,Picoloop,2235,06/30/2020, 18:05:28,191
PICOLOOP1,Picoloop,2235,06/30/2020, 19:04:44,191
PICOLOOP1,Picoloop,2235,06/30/2020, 20:06:49,191
PICOLOOP1,Picoloop,2235,06/30/2020, 21:05:21,191
PICOLOOP1,Picoloop,2235,06/30/2020, 22:05:55,191
PICOLOOP1,Picoloop,2235,06/30/2020, 23:05:36,191
PICOLOOP1,Picoloop,2235,07/01/2020, 00:16:39,191
PICOLOOP1,Picoloop,2235,07/01/2020, 01:06:32,191
PICOLOOP1,Picoloop,2235,07/01/2020, 02:06:28,191
PICOLOOP1,Picoloop,2235,07/01/2020, 03:06:11,191
PICOLOOP1,Picoloop,2235,07/01/2020, 04:06:17,191
PICOLOOP1,Picoloop,2235,07/01/2020, 05:05:51,191
PICOLOOP1,Picoloop,2235,07/01/2020, 06:06:43,191
PICOLOOP1,Picoloop,2235,07/01/2020, 07:07:33,191
PICOLOOP1,Picoloop,2235,07/01/2020, 08:06:39,191
PICOLOOP1,Picoloop,2236,07/01/2020, 09:06:12,191
PICOLOOP1,Picoloop,2236,07/01/2020, 10:06:10,191
PICOLOOP1,Picoloop,2236,07/01/2020, 11:05:30,191
PICOLOOP1,Picoloop,2236,07/01/2020, 12:07:52,191
PICOLOOP1,Picoloop,2236,07/01/2020, 13:04:53,191
PICOLOOP1,Picoloop,2236,07/01/2020, 14:05:37,191
PICOLOOP1,Picoloop,2236,07/01/2020, 15:05:58,191
PICOLOOP1,Picoloop,2236,07/01/2020, 16:06:26,191
PICOLOOP1,Picoloop,2236,07/01/2020, 17:06:02,191
PICOLOOP1,Picoloop,2236,07/01/2020, 18:06:16,191
PICOLOOP1,Picoloop,2236,07/01/2020, 19:05:42,191
PICOLOOP1,Picoloop,2236,07/01/2020, 20:07:12,191
PICOLOOP1,Picoloop,2236,07/01/2020, 21:05:41,191
PICOLOOP1,Picoloop,2236,07/01/2020, 22:05:47,191
PICOLOOP1,Picoloop,2236,07/01/2020, 23:05:40,191
PICOLOOP1,Picoloop,2236,07/02/2020, 00:16:07,191
PICOLOOP1,Picoloop,2236,07/02/2020, 01:07:00,191
PICOLOOP1,Picoloop,2236,07/02/2020, 02:06:30,191
PICOLOOP1,Picoloop,2236,07/02/2020, 03:06:19,191
PICOLOOP1,Picoloop,2236,07/02/2020, 04:07:11,191
PICOLOOP1,Picoloop,2236,07/02/2020, 05:05:56,191
PICOLOOP1,Picoloop,2236,07/02/2020, 06:06:46,191
PICOLOOP1,Picoloop,2236,07/02/2020, 07:05:44,191
PICOLOOP1,Picoloop,2236,07/02/2020, 08:06:39,191
PICOLOOP1,Picoloop,2236,07/02/2020, 09:05:48,191
PICOLOOP1,Picoloop,2236,07/02/2020, 10:06:08,191
PICOLOOP1,Picoloop,2236,07/02/2020, 11:05:35,191
PICOLOOP1,Picoloop,2236,07/02/2020, 12:08:14,191
PICOLOOP1,Picoloop,2236,07/02/2020, 13:06:14,191
PICOLOOP1,Picoloop,2236,07/02/2020, 14:06:33,191
PICOLOOP1,Picoloop,2236,07/02/2020, 15:05:56,191
PICOLOOP1,Picoloop,2236,07/02/2020, 16:06:27,191
PICOLOOP1,Picoloop,2236,07/02/2020, 17:06:10,191
PICOLOOP1,Picoloop,2236,07/02/2020, 18:06:25,191
PICOLOOP1,Picoloop,2236,07/02/2020, 19:05:40,191
PICOLOOP1,Picoloop,2238,07/02/2020, 20:07:08,191
PICOLOOP1,Picoloop,2238,07/02/2020, 21:05:36,191
PICOLOOP1,Picoloop,2238,07/02/2020, 22:05:43,191
PICOLOOP1,Picoloop,2238,07/02/2020, 23:06:05,191
PICOLOOP1,Picoloop,2238,07/03/2020, 00:16:47,191
PICOLOOP1,Picoloop,2238,07/03/2020, 01:06:39,191
PICOLOOP1,Picoloop,2238,07/03/2020, 02:06:38,191
PICOLOOP1,Picoloop,2238,07/03/2020, 03:06:12,191
PICOLOOP1,Picoloop,2238,07/03/2020, 04:06:36,191
PICOLOOP1,Picoloop,2238,07/03/2020, 05:05:27,191
PICOLOOP1,Picoloop,2238,07/03/2020, 06:06:22,191
PICOLOOP1,Picoloop,2238,07/03/2020, 07:05:50,191
PICOLOOP1,Picoloop,2238,07/03/2020, 08:06:44,191
PICOLOOP1,Picoloop,2238,07/03/2020, 09:06:07,191
PICOLOOP1,Picoloop,2238,07/03/2020, 10:06:11,191
PICOLOOP1,Picoloop,2238,07/03/2020, 11:05:22,191
PICOLOOP1,Picoloop,2238,07/03/2020, 12:08:38,191
PICOLOOP1,Picoloop,2238,07/03/2020, 13:05:52,191
PICOLOOP1,Picoloop,2238,07/03/2020, 14:06:37,191
PICOLOOP1,Picoloop,2238,07/03/2020, 15:05:40,191
PICOLOOP1,Picoloop,2238,07/03/2020, 16:06:35,191
PICOLOOP1,Picoloop,2238,07/03/2020, 17:05:42,191
PICOLOOP1,Picoloop,2238,07/03/2020, 18:06:27,191
PICOLOOP1,Picoloop,2238,07/03/2020, 19:05:21,191
PICOLOOP1,Picoloop,2238,07/03/2020, 20:06:54,191
PICOLOOP1,Picoloop,2238,07/03/2020, 21:05:43,191
PICOLOOP1,Picoloop,2238,07/03/2020, 22:06:04,191
PICOLOOP1,Picoloop,2238,07/03/2020, 23:05:33,191
PICOLOOP1,Picoloop,2238,07/04/2020, 00:16:09,191
PICOLOOP1,Picoloop,2238,07/04/2020, 01:06:31,191
PICOLOOP1,Picoloop,2238,07/04/2020, 02:06:28,191
PICOLOOP1,Picoloop,2238,07/04/2020, 03:05:52,191
PICOLOOP1,Picoloop,2238,07/04/2020, 04:06:48,191
PICOLOOP1,Picoloop,2239,07/04/2020, 05:05:43,191
PICOLOOP1,Picoloop,2239,07/04/2020, 06:06:37,191
PICOLOOP1,Picoloop,2240,07/04/2020, 07:06:03,191
PICOLOOP1,Picoloop,2240,07/04/2020, 08:07:09,191
PICOLOOP1,Picoloop,2240,07/04/2020, 09:05:33,191
PICOLOOP1,Picoloop,2240,07/04/2020, 10:06:10,191
PICOLOOP1,Picoloop,2240,07/04/2020, 11:05:43,191
PICOLOOP1,Picoloop,2240,07/04/2020, 12:07:42,191
PICOLOOP1,Picoloop,2240,07/04/2020, 13:06:05,191
PICOLOOP1,Picoloop,2240,07/04/2020, 14:08:00,191
PICOLOOP1,Picoloop,2240,07/04/2020, 15:05:42,191
PICOLOOP1,Picoloop,2240,07/04/2020, 16:06:17,191
PICOLOOP1,Picoloop,2240,07/04/2020, 17:06:33,191
PICOLOOP1,Picoloop,2240,07/04/2020, 18:06:27,191
PICOLOOP1,Picoloop,2240,07/04/2020, 19:05:22,191
PICOLOOP1,Picoloop,2240,07/04/2020, 20:06:44,191
PICOLOOP1,Picoloop,2240,07/04/2020, 21:05:42,191
PICOLOOP1,Picoloop,2240,07/04/2020, 22:06:16,191
PICOLOOP1,Picoloop,2240,07/04/2020, 23:06:10,191
PICOLOOP1,Picoloop,2240,07/05/2020, 00:17:08,191
PICOLOOP1,Picoloop,2240,07/05/2020, 01:06:44,191
PICOLOOP1,Picoloop,2240,07/05/2020, 02:06:28,191
PICOLOOP1,Picoloop,2240,07/05/2020, 03:05:53,191
PICOLOOP1,Picoloop,2240,07/05/2020, 04:06:30,191
PICOLOOP1,Picoloop,2240,07/05/2020, 05:05:38,191
PICOLOOP1,Picoloop,2240,07/05/2020, 06:06:35,191
PICOLOOP1,Picoloop,2240,07/05/2020, 07:06:06,191
PICOLOOP1,Picoloop,2240,07/05/2020, 08:06:26,191
PICOLOOP1,Picoloop,2241,07/05/2020, 09:05:49,191
PICOLOOP1,Picoloop,2241,07/05/2020, 10:06:51,191
PICOLOOP1,Picoloop,2241,07/05/2020, 11:05:40,191
PICOLOOP1,Picoloop,2241,07/05/2020, 12:07:48,191
PICOLOOP1,Picoloop,2241,07/05/2020, 13:07:05,191
PICOLOOP1,Picoloop,2241,07/05/2020, 14:06:21,191
PICOLOOP1,Picoloop,2241,07/05/2020, 15:05:46,191
PICOLOOP1,Picoloop,2241,07/05/2020, 16:06:30,191
PICOLOOP1,Picoloop,2241,07/05/2020, 17:05:44,191
PICOLOOP1,Picoloop,2241,07/05/2020, 18:06:32,191
PICOLOOP1,Picoloop,2241,07/05/2020, 19:05:29,191
PICOLOOP1,Picoloop,2241,07/05/2020, 20:06:50,191
PICOLOOP1,Picoloop,2241,07/05/2020, 21:05:43,191
PICOLOOP1,Picoloop,2241,07/05/2020, 22:06:14,191
PICOLOOP1,Picoloop,2241,07/05/2020, 23:06:02,191
PICOLOOP1,Picoloop,2241,07/06/2020, 00:16:38,191
PICOLOOP1,Picoloop,2241,07/06/2020, 01:06:36,191
PICOLOOP1,Picoloop,2241,07/06/2020, 02:06:39,191
PICOLOOP1,Picoloop,2242,07/06/2020, 03:05:57,191
PICOLOOP1,Picoloop,2242,07/06/2020, 04:06:24,191
PICOLOOP1,Picoloop,2242,07/06/2020, 05:05:41,191
PICOLOOP1,Picoloop,2242,07/06/2020, 06:06:40,191
PICOLOOP1,Picoloop,2242,07/06/2020, 07:06:02,191
PICOLOOP1,Picoloop,2242,07/06/2020, 08:06:56,191
PICOLOOP1,Picoloop,2242,07/06/2020, 09:06:25,191
PICOLOOP1,Picoloop,2242,07/06/2020, 10:06:05,191
PICOLOOP1,Picoloop,2242,07/06/2020, 11:05:35,191
PICOLOOP1,Picoloop,2242,07/06/2020, 12:08:23,191
PICOLOOP1,Picoloop,2242,07/06/2020, 13:05:56,191
PICOLOOP1,Picoloop,2242,07/06/2020, 14:06:30,191
PICOLOOP1,Picoloop,2242,07/06/2020, 15:05:58,191
PICOLOOP1,Picoloop,2242,07/06/2020, 16:06:31,191
PICOLOOP1,Picoloop,2242,07/06/2020, 17:06:00,191
PICOLOOP1,Picoloop,2242,07/06/2020, 18:06:33,191
PICOLOOP1,Picoloop,2242,07/06/2020, 19:05:38,191
PICOLOOP1,Picoloop,2242,07/06/2020, 20:07:03,191
PICOLOOP1,Picoloop,2242,07/06/2020, 21:05:56,191
PICOLOOP1,Picoloop,2242,07/06/2020, 22:05:50,191
PICOLOOP1,Picoloop,2242,07/06/2020, 23:05:47,191
PICOLOOP1,Picoloop,2242,07/07/2020, 00:16:23,191
PICOLOOP1,Picoloop,2242,07/07/2020, 01:06:24,191
PICOLOOP1,Picoloop,2242,07/07/2020, 02:06:20,191
PICOLOOP1,Picoloop,2242,07/07/2020, 03:05:49,191
PICOLOOP1,Picoloop,2242,07/07/2020, 04:06:22,191
PICOLOOP1,Picoloop,2242,07/07/2020, 05:05:42,191
PICOLOOP1,Picoloop,2242,07/07/2020, 06:06:34,191
PICOLOOP1,Picoloop,2242,07/07/2020, 07:06:15,191
PICOLOOP1,Picoloop,2242,07/07/2020, 08:06:30,191
PICOLOOP1,Picoloop,2242,07/07/2020, 09:06:00,191
PICOLOOP1,Picoloop,2242,07/07/2020, 10:06:05,191
PICOLOOP1,Picoloop,2242,07/07/2020, 11:05:31,191
PICOLOOP1,Picoloop,2242,07/07/2020, 12:07:39,191
PICOLOOP1,Picoloop,2242,07/07/2020, 13:06:00,191
PICOLOOP1,Picoloop,2242,07/07/2020, 14:06:51,191
PICOLOOP1,Picoloop,2242,07/07/2020, 15:05:46,191
PICOLOOP1,Picoloop,2242,07/07/2020, 16:06:17,191
PICOLOOP1,Picoloop,2242,07/07/2020, 17:05:53,191
PICOLOOP1,Picoloop,2242,07/07/2020, 18:06:16,191
PICOLOOP1,Picoloop,2242,07/07/2020, 19:05:20,191
PICOLOOP1,Picoloop,2242,07/07/2020, 20:06:51,191
PICOLOOP1,Picoloop,2242,07/07/2020, 21:05:53,191
PICOLOOP1,Picoloop,2242,07/07/2020, 22:05:45,191
PICOLOOP1,Picoloop,2242,07/07/2020, 23:05:55,191
PICOLOOP1,Picoloop,2242,07/08/2020, 00:16:20,191
PICOLOOP1,Picoloop,2242,07/08/2020, 01:06:24,191
PICOLOOP1,Picoloop,2242,07/08/2020, 02:06:25,191
PICOLOOP1,Picoloop,2242,07/08/2020, 03:05:47,191
PICOLOOP1,Picoloop,2242,07/08/2020, 04:06:13,191
PICOLOOP1,Picoloop,2242,07/08/2020, 05:06:03,191
PICOLOOP1,Picoloop,2242,07/08/2020, 06:06:36,191
PICOLOOP1,Picoloop,2242,07/08/2020, 07:06:11,191
PICOLOOP1,Picoloop,2243,07/08/2020, 08:07:03,191
PICOLOOP1,Picoloop,2244,07/08/2020, 09:06:05,191
PICOLOOP1,Picoloop,2244,07/08/2020, 10:06:01,191
PICOLOOP1,Picoloop,2244,07/08/2020, 11:05:30,191
PICOLOOP1,Picoloop,2244,07/08/2020, 12:07:53,191
PICOLOOP1,Picoloop,2244,07/08/2020, 13:05:57,191
PICOLOOP1,Picoloop,2244,07/08/2020, 14:06:30,191
PICOLOOP1,Picoloop,2244,07/08/2020, 15:05:55,191
PICOLOOP1,Picoloop,2245,07/08/2020, 16:06:20,191
PICOLOOP1,Picoloop,2245,07/08/2020, 17:06:02,191
PICOLOOP1,Picoloop,2245,07/08/2020, 18:06:27,191
PICOLOOP1,Picoloop,2245,07/08/2020, 19:05:48,191
PICOLOOP1,Picoloop,2245,07/08/2020, 20:07:16,191
PICOLOOP1,Picoloop,2246,07/08/2020, 21:05:45,191
PICOLOOP1,Picoloop,2246,07/08/2020, 22:05:44,191
PICOLOOP1,Picoloop,2246,07/08/2020, 23:06:04,191
PICOLOOP1,Picoloop,2246,07/09/2020, 00:16:42,191
PICOLOOP1,Picoloop,2246,07/09/2020, 01:06:17,191
PICOLOOP1,Picoloop,2246,07/09/2020, 02:06:41,191
PICOLOOP1,Picoloop,2246,07/09/2020, 03:06:10,191
PICOLOOP1,Picoloop,2246,07/09/2020, 04:06:45,191
PICOLOOP1,Picoloop,2246,07/09/2020, 05:05:57,191
PICOLOOP1,Picoloop,2246,07/09/2020, 06:06:28,191
PICOLOOP1,Picoloop,2246,07/09/2020, 07:05:57,191
PICOLOOP1,Picoloop,2247,07/09/2020, 08:06:18,191
PICOLOOP1,Picoloop,2247,07/09/2020, 09:05:43,191
PICOLOOP1,Picoloop,2247,07/09/2020, 10:06:05,191
PICOLOOP1,Picoloop,2247,07/09/2020, 11:05:36,191
PICOLOOP1,Picoloop,2247,07/09/2020, 12:08:03,191
PICOLOOP1,Picoloop,2247,07/09/2020, 13:06:02,191
PICOLOOP1,Picoloop,2247,07/09/2020, 14:06:52,191
PICOLOOP1,Picoloop,2247,07/09/2020, 15:06:10,191
PICOLOOP1,Picoloop,2247,07/09/2020, 16:06:21,191
PICOLOOP1,Picoloop,2248,07/09/2020, 17:06:13,191
PICOLOOP1,Picoloop,2248,07/09/2020, 18:06:43,191
PICOLOOP1,Picoloop,2248,07/09/2020, 19:05:44,191
PICOLOOP1,Picoloop,2248,07/09/2020, 20:06:59,191
PICOLOOP1,Picoloop,2248,07/09/2020, 21:06:05,191
PICOLOOP1,Picoloop,2248,07/09/2020, 22:06:06,191
PICOLOOP1,Picoloop,2248,07/09/2020, 23:05:51,191
PICOLOOP1,Picoloop,2248,07/10/2020, 00:16:56,191
PICOLOOP1,Picoloop,2248,07/10/2020, 01:06:56,191
PICOLOOP1,Picoloop,2248,07/10/2020, 02:06:51,191
PICOLOOP1,Picoloop,2248,07/10/2020, 03:06:16,191
PICOLOOP1,Picoloop,2248,07/10/2020, 04:06:43,191
PICOLOOP1,Picoloop,2248,07/10/2020, 05:05:43,191
PICOLOOP1,Picoloop,2248,07/10/2020, 06:06:35,191
PICOLOOP1,Picoloop,2248,07/10/2020, 07:06:22,191
PICOLOOP1,Picoloop,2248,07/10/2020, 08:07:09,191
PICOLOOP1,Picoloop,2248,07/10/2020, 09:06:34,191
PICOLOOP1,Picoloop,2248,07/10/2020, 10:05:57,191
PICOLOOP1,Picoloop,2248,07/10/2020, 11:05:54,191
PICOLOOP1,Picoloop,2248,07/10/2020, 12:08:53,191
PICOLOOP1,Picoloop,2248,07/10/2020, 13:05:56,191
PICOLOOP1,Picoloop,2248,07/10/2020, 14:06:49,191
PICOLOOP1,Picoloop,2248,07/10/2020, 15:06:01,191
PICOLOOP1,Picoloop,2248,07/10/2020, 16:06:24,191
PICOLOOP1,Picoloop,2248,07/10/2020, 17:05:48,191
PICOLOOP1,Picoloop,2248,07/10/2020, 18:06:45,191
PICOLOOP1,Picoloop,2248,07/10/2020, 19:05:45,191
PICOLOOP1,Picoloop,2248,07/10/2020, 20:07:06,191
PICOLOOP1,Picoloop,2248,07/10/2020, 21:05:58,191
PICOLOOP1,Picoloop,2248,07/10/2020, 22:05:54,191
PICOLOOP1,Picoloop,2248,07/10/2020, 23:06:09,191
PICOLOOP1,Picoloop,2248,07/11/2020, 00:16:59,191
PICOLOOP1,Picoloop,2248,07/11/2020, 01:06:40,191
PICOLOOP1,Picoloop,2248,07/11/2020, 02:06:46,191
PICOLOOP1,Picoloop,2248,07/11/2020, 03:06:08,191
PICOLOOP1,Picoloop,2248,07/11/2020, 04:06:31,191
PICOLOOP1,Picoloop,2248,07/11/2020, 05:05:35,191
PICOLOOP1,Picoloop,2248,07/11/2020, 06:06:58,191
PICOLOOP1,Picoloop,2248,07/11/2020, 07:06:31,191
PICOLOOP1,Picoloop,2248,07/11/2020, 08:06:47,191
PICOLOOP1,Picoloop,2248,07/11/2020, 09:06:06,191
PICOLOOP1,Picoloop,2248,07/11/2020, 10:06:17,191
PICOLOOP1,Picoloop,2248,07/11/2020, 11:05:57,191
PICOLOOP1,Picoloop,2248,07/11/2020, 12:07:58,191
PICOLOOP1,Picoloop,2249,07/11/2020, 13:06:21,191
PICOLOOP1,Picoloop,2249,07/11/2020, 14:06:58,191
PICOLOOP1,Picoloop,2249,07/11/2020, 15:05:43,191
PICOLOOP1,Picoloop,2249,07/11/2020, 16:06:35,191
PICOLOOP1,Picoloop,2250,07/11/2020, 17:05:52,191
PICOLOOP1,Picoloop,2250,07/11/2020, 18:06:29,191
PICOLOOP1,Picoloop,2250,07/11/2020, 19:06:06,191
PICOLOOP1,Picoloop,2251,07/11/2020, 20:07:25,191
PICOLOOP1,Picoloop,2251,07/11/2020, 21:06:09,191
PICOLOOP1,Picoloop,2251,07/11/2020, 22:06:06,191
PICOLOOP1,Picoloop,2251,07/11/2020, 23:06:03,191
PICOLOOP1,Picoloop,2251,07/12/2020, 00:17:48,191
PICOLOOP1,Picoloop,2251,07/12/2020, 01:06:34,191
PICOLOOP1,Picoloop,2251,07/12/2020, 02:06:35,191
PICOLOOP1,Picoloop,2251,07/12/2020, 03:06:36,191
PICOLOOP1,Picoloop,2251,07/12/2020, 04:06:49,191
PICOLOOP1,Picoloop,2251,07/12/2020, 05:05:52,191
PICOLOOP1,Picoloop,2251,07/12/2020, 06:06:57,191
PICOLOOP1,Picoloop,2251,07/12/2020, 07:06:07,191
PICOLOOP1,Picoloop,2251,07/12/2020, 08:06:29,191
PICOLOOP1,Picoloop,2251,07/12/2020, 09:05:59,191
PICOLOOP1,Picoloop,2251,07/12/2020, 10:06:20,191
PICOLOOP1,Picoloop,2251,07/12/2020, 11:05:42,191
PICOLOOP1,Picoloop,2251,07/12/2020, 12:08:14,191
PICOLOOP1,Picoloop,2251,07/12/2020, 13:06:01,191
PICOLOOP1,Picoloop,2251,07/12/2020, 14:06:41,191
PICOLOOP1,Picoloop,2251,07/12/2020, 15:06:03,191
PICOLOOP1,Picoloop,2251,07/12/2020, 16:06:18,191
PICOLOOP1,Picoloop,2251,07/12/2020, 17:06:03,191
PICOLOOP1,Picoloop,2251,07/12/2020, 18:06:52,191
PICOLOOP1,Picoloop,2252,07/12/2020, 19:05:41,191
PICOLOOP1,Picoloop,2252,07/12/2020, 20:07:04,191
PICOLOOP1,Picoloop,2252,07/12/2020, 21:06:00,191
PICOLOOP1,Picoloop,2252,07/12/2020, 22:06:01,191
PICOLOOP1,Picoloop,2252,07/12/2020, 23:06:13,191
PICOLOOP1,Picoloop,2252,07/13/2020, 00:17:20,191
PICOLOOP1,Picoloop,2252,07/13/2020, 01:06:52,191
PICOLOOP1,Picoloop,2252,07/13/2020, 02:06:53,191
PICOLOOP1,Picoloop,2252,07/13/2020, 03:06:51,191
PICOLOOP1,Picoloop,2252,07/13/2020, 04:06:55,191
PICOLOOP1,Picoloop,2252,07/13/2020, 05:08:11,191
PICOLOOP1,Picoloop,2252,07/13/2020, 07:07:36,191
PICOLOOP1,Picoloop,2253,07/13/2020, 09:06:24,191
PICOLOOP1,Picoloop,2253,07/13/2020, 10:06:21,191
PICOLOOP1,Picoloop,2253,07/13/2020, 11:05:53,191
PICOLOOP1,Picoloop,2253,07/13/2020, 12:08:01,191
PICOLOOP1,Picoloop,2253,07/13/2020, 13:06:08,191
PICOLOOP1,Picoloop,2253,07/13/2020, 14:07:06,191
PICOLOOP1,Picoloop,2253,07/13/2020, 15:06:07,191
PICOLOOP1,Picoloop,2253,07/13/2020, 16:06:22,191
PICOLOOP1,Picoloop,2253,07/13/2020, 17:05:48,191
PICOLOOP1,Picoloop,2253,07/13/2020, 18:06:49,191
PICOLOOP1,Picoloop,2253,07/13/2020, 19:05:44,191
PICOLOOP1,Picoloop,2253,07/13/2020, 20:07:14,191
PICOLOOP1,Picoloop,2253,07/13/2020, 21:06:08,191
PICOLOOP1,Picoloop,2253,07/13/2020, 22:06:06,191
PICOLOOP1,Picoloop,2253,07/13/2020, 23:05:58,191
PICOLOOP1,Picoloop,2253,07/14/2020, 00:17:08,191
PICOLOOP1,Picoloop,2253,07/14/2020, 01:06:36,191
PICOLOOP1,Picoloop,2253,07/14/2020, 02:07:10,191
PICOLOOP1,Picoloop,2253,07/14/2020, 03:06:29,191
PICOLOOP1,Picoloop,2254,07/14/2020, 04:06:26,191
PICOLOOP1,Picoloop,2254,07/14/2020, 05:06:05,191
PICOLOOP1,Picoloop,2254,07/14/2020, 06:06:55,191
PICOLOOP1,Picoloop,2254,07/14/2020, 07:06:18,191
PICOLOOP1,Picoloop,2254,07/14/2020, 08:06:49,191
PICOLOOP1,Picoloop,2254,07/14/2020, 09:06:25,191
PICOLOOP1,Picoloop,2254,07/14/2020, 10:06:12,191
PICOLOOP1,Picoloop,2254,07/14/2020, 11:05:55,191
PICOLOOP1,Picoloop,2254,07/14/2020, 12:08:53,191
PICOLOOP1,Picoloop,2254,07/14/2020, 13:07:00,191
PICOLOOP1,Picoloop,2254,07/14/2020, 14:35:45,191
PICOLOOP1,Picoloop,2254,07/14/2020, 15:06:15,191
PICOLOOP1,Picoloop,2254,07/14/2020, 16:06:26,191
PICOLOOP1,Picoloop,2254,07/14/2020, 17:05:59,191
PICOLOOP1,Picoloop,2254,07/14/2020, 18:06:45,191
PICOLOOP1,Picoloop,2254,07/14/2020, 19:06:06,191
PICOLOOP1,Picoloop,2254,07/14/2020, 20:06:57,191
PICOLOOP1,Picoloop,2254,07/14/2020, 21:05:19,191
PICOLOOP1,Picoloop,2254,07/14/2020, 22:06:00,191
PICOLOOP1,Picoloop,2254,07/14/2020, 23:06:16,191
PICOLOOP1,Picoloop,2254,07/15/2020, 00:17:28,191
PICOLOOP1,Picoloop,2254,07/15/2020, 01:06:56,191
PICOLOOP1,Picoloop,2254,07/15/2020, 02:06:53,191
PICOLOOP1,Picoloop,2255,07/15/2020, 03:06:31,191
PICOLOOP1,Picoloop,2255,07/15/2020, 04:06:27,191
PICOLOOP1,Picoloop,2256,07/15/2020, 05:05:48,191
PICOLOOP1,Picoloop,2256,07/15/2020, 06:07:18,191
PICOLOOP1,Picoloop,2256,07/15/2020, 07:06:51,191
PICOLOOP1,Picoloop,2256,07/15/2020, 08:06:48,191
PICOLOOP1,Picoloop,2256,07/15/2020, 09:06:36,191
PICOLOOP1,Picoloop,2256,07/15/2020, 10:06:10,191
PICOLOOP1,Picoloop,2256,07/15/2020, 11:06:01,191
PICOLOOP1,Picoloop,2256,07/15/2020, 12:08:00,191
PICOLOOP1,Picoloop,2257,07/15/2020, 13:05:58,191
PICOLOOP1,Picoloop,2257,07/15/2020, 14:06:45,191
PICOLOOP1,Picoloop,2257,07/15/2020, 15:06:20,191
PICOLOOP1,Picoloop,2257,07/15/2020, 16:06:26,191
PICOLOOP1,Picoloop,2257,07/15/2020, 17:05:54,191
PICOLOOP1,Picoloop,2257,07/15/2020, 18:06:26,191
PICOLOOP1,Picoloop,2257,07/15/2020, 19:05:07,191
PICOLOOP1,Picoloop,2257,07/15/2020, 20:06:08,191
PICOLOOP1,Picoloop,2257,07/15/2020, 21:05:54,191
PICOLOOP1,Picoloop,2257,07/15/2020, 22:06:06,191
PICOLOOP1,Picoloop,2257,07/15/2020, 23:06:06,191
PICOLOOP1,Picoloop,2257,07/16/2020, 00:17:04,191
PICOLOOP1,Picoloop,2257,07/16/2020, 01:06:37,191
PICOLOOP1,Picoloop,2257,07/16/2020, 02:07:03,191
PICOLOOP1,Picoloop,2257,07/16/2020, 03:06:32,191
PICOLOOP1,Picoloop,2257,07/16/2020, 04:06:47,191
PICOLOOP1,Picoloop,2257,07/16/2020, 05:05:58,191
PICOLOOP1,Picoloop,2257,07/16/2020, 06:06:27,191
PICOLOOP1,Picoloop,2257,07/16/2020, 07:06:21,191
PICOLOOP1,Picoloop,2257,07/16/2020, 08:06:20,191
PICOLOOP1,Picoloop,2257,07/16/2020, 09:06:39,191
PICOLOOP1,Picoloop,2257,07/16/2020, 10:06:16,191
PICOLOOP1,Picoloop,2257,07/16/2020, 11:05:47,191
PICOLOOP1,Picoloop,2257,07/16/2020, 12:08:24,191
PICOLOOP1,Picoloop,2257,07/16/2020, 13:06:13,191
PICOLOOP1,Picoloop,2257,07/16/2020, 14:06:45,191
PICOLOOP1,Picoloop,2257,07/16/2020, 15:06:23,191
PICOLOOP1,Picoloop,2257,07/16/2020, 16:06:43,191
PICOLOOP1,Picoloop,2257,07/16/2020, 17:06:29,191
PICOLOOP1,Picoloop,2257,07/16/2020, 18:06:41,191
PICOLOOP1,Picoloop,2257,07/16/2020, 19:05:54,191
PICOLOOP1,Picoloop,2257,07/16/2020, 20:06:51,191
PICOLOOP1,Picoloop,2257,07/16/2020, 21:06:14,191
PICOLOOP1,Picoloop,2257,07/16/2020, 22:05:59,191
PICOLOOP1,Picoloop,2257,07/16/2020, 23:07:00,191
PICOLOOP1,Picoloop,2257,07/17/2020, 00:17:10,191
PICOLOOP1,Picoloop,2257,07/17/2020, 01:07:04,191
PICOLOOP1,Picoloop,2257,07/17/2020, 02:07:15,191
PICOLOOP1,Picoloop,2257,07/17/2020, 03:06:36,191
PICOLOOP1,Picoloop,2257,07/17/2020, 04:07:07,191
PICOLOOP1,Picoloop,2257,07/17/2020, 05:05:59,191
PICOLOOP1,Picoloop,2257,07/17/2020, 06:06:56,191
PICOLOOP1,Picoloop,2257,07/17/2020, 07:06:23,191
PICOLOOP1,Picoloop,2257,07/17/2020, 08:06:51,191
PICOLOOP1,Picoloop,2257,07/17/2020, 09:06:22,191
PICOLOOP1,Picoloop,2257,07/17/2020, 10:06:17,191
PICOLOOP1,Picoloop,2257,07/17/2020, 11:05:50,191
PICOLOOP1,Picoloop,2257,07/17/2020, 12:08:47,191
PICOLOOP1,Picoloop,2257,07/17/2020, 13:06:07,191
PICOLOOP1,Picoloop,2257,07/17/2020, 14:06:33,191
PICOLOOP1,Picoloop,2257,07/17/2020, 15:05:59,191
PICOLOOP1,Picoloop,2257,07/17/2020, 16:07:05,191
PICOLOOP1,Picoloop,2257,07/17/2020, 17:05:49,191
PICOLOOP1,Picoloop,2257,07/17/2020, 18:06:29,191
PICOLOOP1,Picoloop,2257,07/17/2020, 19:06:05,191
PICOLOOP1,Picoloop,2257,07/17/2020, 20:07:08,191
PICOLOOP1,Picoloop,2257,07/17/2020, 21:05:32,191
PICOLOOP1,Picoloop,2257,07/17/2020, 22:06:06,191
PICOLOOP1,Picoloop,2257,07/17/2020, 23:06:04,191
PICOLOOP1,Picoloop,2257,07/18/2020, 00:17:27,191
PICOLOOP1,Picoloop,2257,07/18/2020, 01:06:51,191
PICOLOOP1,Picoloop,2257,07/18/2020, 02:07:04,191
PICOLOOP1,Picoloop,2257,07/18/2020, 03:06:33,191
PICOLOOP1,Picoloop,2257,07/18/2020, 04:06:33,191
PICOLOOP1,Picoloop,2257,07/18/2020, 05:05:58,191
PICOLOOP1,Picoloop,2257,07/18/2020, 06:06:44,191
PICOLOOP1,Picoloop,2257,07/18/2020, 07:06:28,191
PICOLOOP1,Picoloop,2257,07/18/2020, 09:06:13,191
PICOLOOP1,Picoloop,2257,07/18/2020, 10:06:10,191
PICOLOOP1,Picoloop,2257,07/18/2020, 11:06:06,191
PICOLOOP1,Picoloop,2257,07/18/2020, 12:08:03,191
PICOLOOP1,Picoloop,2258,07/18/2020, 13:05:55,191
PICOLOOP1,Picoloop,2258,07/18/2020, 14:06:26,191
PICOLOOP1,Picoloop,2258,07/18/2020, 15:05:56,191
PICOLOOP1,Picoloop,2258,07/18/2020, 16:06:18,191
PICOLOOP1,Picoloop,2258,07/18/2020, 17:05:38,191
PICOLOOP1,Picoloop,2258,07/18/2020, 18:06:52,191
PICOLOOP1,Picoloop,2258,07/18/2020, 19:05:35,191
PICOLOOP1,Picoloop,2258,07/18/2020, 20:07:09,191
PICOLOOP1,Picoloop,2258,07/18/2020, 21:06:25,191
PICOLOOP1,Picoloop,2258,07/18/2020, 22:05:52,191
PICOLOOP1,Picoloop,2258,07/18/2020, 23:05:42,191
PICOLOOP1,Picoloop,2258,07/19/2020, 00:18:09,191
PICOLOOP1,Picoloop,2258,07/19/2020, 01:06:52,191
PICOLOOP1,Picoloop,2258,07/19/2020, 02:07:01,191
PICOLOOP1,Picoloop,2258,07/19/2020, 03:06:18,191
PICOLOOP1,Picoloop,2258,07/19/2020, 04:06:49,191
PICOLOOP1,Picoloop,2258,07/19/2020, 05:06:16,191
PICOLOOP1,Picoloop,2258,07/19/2020, 06:07:15,191
PICOLOOP1,Picoloop,2258,07/19/2020, 07:06:40,191
PICOLOOP1,Picoloop,2258,07/19/2020, 08:06:25,191
PICOLOOP1,Picoloop,2258,07/19/2020, 09:06:30,191
PICOLOOP1,Picoloop,2258,07/19/2020, 10:06:17,191
PICOLOOP1,Picoloop,2258,07/19/2020, 11:05:48,191
PICOLOOP1,Picoloop,2258,07/19/2020, 12:08:21,191
PICOLOOP1,Picoloop,2258,07/19/2020, 13:06:07,191
PICOLOOP1,Picoloop,2258,07/19/2020, 14:07:05,191
PICOLOOP1,Picoloop,2259,07/19/2020, 15:05:56,191
PICOLOOP1,Picoloop,2259,07/19/2020, 16:06:37,191
PICOLOOP1,Picoloop,2259,07/19/2020, 17:05:47,191
PICOLOOP1,Picoloop,2259,07/19/2020, 18:06:22,191
PICOLOOP1,Picoloop,2259,07/19/2020, 19:05:44,191
PICOLOOP1,Picoloop,2259,07/19/2020, 20:07:17,191
PICOLOOP1,Picoloop,2259,07/19/2020, 21:06:37,191
PICOLOOP1,Picoloop,2259,07/19/2020, 22:06:02,191
PICOLOOP1,Picoloop,2260,07/19/2020, 23:06:01,191
PICOLOOP1,Picoloop,2260,07/20/2020, 00:17:39,191
PICOLOOP1,Picoloop,2260,07/20/2020, 01:07:01,191
PICOLOOP1,Picoloop,2260,07/20/2020, 02:07:10,191
PICOLOOP1,Picoloop,2260,07/20/2020, 03:06:44,191
PICOLOOP1,Picoloop,2260,07/20/2020, 04:07:21,191
PICOLOOP1,Picoloop,2260,07/20/2020, 05:06:17,191
PICOLOOP1,Picoloop,2260,07/20/2020, 06:06:48,191
PICOLOOP1,Picoloop,2260,07/20/2020, 07:06:41,191
PICOLOOP1,Picoloop,2260,07/20/2020, 08:07:27,191
PICOLOOP1,Picoloop,2260,07/20/2020, 09:06:40,191
PICOLOOP1,Picoloop,2260,07/20/2020, 10:06:55,191
PICOLOOP1,Picoloop,2260,07/20/2020, 11:05:53,191
PICOLOOP1,Picoloop,2260,07/20/2020, 12:08:03,191
PICOLOOP1,Picoloop,2260,07/20/2020, 13:05:56,191
PICOLOOP1,Picoloop,2260,07/20/2020, 14:07:02,191
PICOLOOP1,Picoloop,2260,07/20/2020, 15:06:33,191
PICOLOOP1,Picoloop,2260,07/20/2020, 16:06:33,191
PICOLOOP1,Picoloop,2260,07/20/2020, 17:05:56,191
PICOLOOP1,Picoloop,2260,07/20/2020, 18:06:36,191
PICOLOOP1,Picoloop,2260,07/20/2020, 19:06:08,191
PICOLOOP1,Picoloop,2260,07/20/2020, 20:07:27,191
PICOLOOP1,Picoloop,2260,07/20/2020, 21:06:26,191
PICOLOOP1,Picoloop,2260,07/20/2020, 22:05:59,191
PICOLOOP1,Picoloop,2260,07/20/2020, 23:05:52,191
PICOLOOP1,Picoloop,2260,07/21/2020, 00:17:41,191
PICOLOOP1,Picoloop,2260,07/21/2020, 01:07:19,191
PICOLOOP1,Picoloop,2260,07/21/2020, 02:07:34,191
PICOLOOP1,Picoloop,2260,07/21/2020, 03:06:35,191
PICOLOOP1,Picoloop,2260,07/21/2020, 04:06:59,191
PICOLOOP1,Picoloop,2260,07/21/2020, 05:06:29,191
PICOLOOP1,Picoloop,2260,07/21/2020, 06:07:06,191
PICOLOOP1,Picoloop,2260,07/21/2020, 07:06:45,191
PICOLOOP1,Picoloop,2260,07/21/2020, 08:06:58,191
PICOLOOP1,Picoloop,2260,07/21/2020, 09:06:31,191
PICOLOOP1,Picoloop,2260,07/21/2020, 10:06:29,191
PICOLOOP1,Picoloop,2260,07/21/2020, 11:06:30,191
PICOLOOP1,Picoloop,2260,07/21/2020, 12:08:24,191
PICOLOOP1,Picoloop,2260,07/21/2020, 13:05:51,191
PICOLOOP1,Picoloop,2261,07/21/2020, 14:06:56,191
PICOLOOP1,Picoloop,2261,07/21/2020, 15:06:31,191
PICOLOOP1,Picoloop,2261,07/21/2020, 16:06:31,191
PICOLOOP1,Picoloop,2261,07/21/2020, 17:06:18,191
PICOLOOP1,Picoloop,2261,07/21/2020, 18:06:48,191
PICOLOOP1,Picoloop,2261,07/21/2020, 19:06:10,191
PICOLOOP1,Picoloop,2261,07/21/2020, 20:07:01,191
PICOLOOP1,Picoloop,2261,07/21/2020, 21:06:18,191
PICOLOOP1,Picoloop,2261,07/21/2020, 22:06:25,191
PICOLOOP1,Picoloop,2261,07/21/2020, 23:05:48,191
PICOLOOP1,Picoloop,2261,07/22/2020, 00:17:33,191
PICOLOOP1,Picoloop,2261,07/22/2020, 01:07:02,191
PICOLOOP1,Picoloop,2261,07/22/2020, 02:07:22,191
PICOLOOP1,Picoloop,2261,07/22/2020, 03:06:30,191
PICOLOOP1,Picoloop,2261,07/22/2020, 04:07:00,191
PICOLOOP1,Picoloop,2261,07/22/2020, 05:06:20,191
PICOLOOP1,Picoloop,2261,07/22/2020, 06:06:59,191
PICOLOOP1,Picoloop,2261,07/22/2020, 07:06:49,191
PICOLOOP1,Picoloop,2261,07/22/2020, 08:07:29,191
PICOLOOP1,Picoloop,2261,07/22/2020, 09:06:24,191
PICOLOOP1,Picoloop,2261,07/22/2020, 10:06:34,191
PICOLOOP1,Picoloop,2261,07/22/2020, 11:05:54,191
PICOLOOP1,Picoloop,2261,07/22/2020, 12:08:06,191
PICOLOOP1,Picoloop,2261,07/22/2020, 13:05:59,191
PICOLOOP1,Picoloop,2261,07/22/2020, 14:07:14,191
PICOLOOP1,Picoloop,2261,07/22/2020, 15:06:24,191
PICOLOOP1,Picoloop,2261,07/22/2020, 16:06:47,191
PICOLOOP1,Picoloop,2261,07/22/2020, 17:06:10,191
PICOLOOP1,Picoloop,2261,07/22/2020, 18:07:04,191
PICOLOOP1,Picoloop,2261,07/22/2020, 19:06:08,191
PICOLOOP1,Picoloop,2261,07/22/2020, 20:07:25,191
PICOLOOP1,Picoloop,2261,07/22/2020, 21:06:34,191
PICOLOOP1,Picoloop,2261,07/22/2020, 22:06:28,191
PICOLOOP1,Picoloop,2261,07/22/2020, 23:06:06,191
PICOLOOP1,Picoloop,2261,07/23/2020, 00:17:38,191
PICOLOOP1,Picoloop,2261,07/23/2020, 01:06:44,191
PICOLOOP1,Picoloop,2261,07/23/2020, 02:07:11,191
PICOLOOP1,Picoloop,2261,07/23/2020, 03:06:37,191
PICOLOOP1,Picoloop,2261,07/23/2020, 04:07:12,191
PICOLOOP1,Picoloop,2261,07/23/2020, 05:06:34,191
PICOLOOP1,Picoloop,2261,07/23/2020, 06:07:10,191
PICOLOOP1,Picoloop,2261,07/23/2020, 07:06:35,191
PICOLOOP1,Picoloop,2261,07/23/2020, 08:07:09,191
PICOLOOP1,Picoloop,2261,07/23/2020, 09:06:54,191
PICOLOOP1,Picoloop,2261,07/23/2020, 10:06:40,191
PICOLOOP1,Picoloop,2261,07/23/2020, 11:06:04,191
PICOLOOP1,Picoloop,2261,07/23/2020, 12:08:20,191
PICOLOOP1,Picoloop,2261,07/23/2020, 13:06:24,191
PICOLOOP1,Picoloop,2261,07/23/2020, 14:06:50,191
PICOLOOP1,Picoloop,2261,07/23/2020, 15:06:33,191
PICOLOOP1,Picoloop,2261,07/23/2020, 16:06:44,191
PICOLOOP1,Picoloop,2261,07/23/2020, 17:06:41,191
PICOLOOP1,Picoloop,2261,07/23/2020, 18:06:51,191
PICOLOOP1,Picoloop,2261,07/23/2020, 19:06:24,191
PICOLOOP1,Picoloop,2261,07/23/2020, 20:07:14,191
PICOLOOP1,Picoloop,2261,07/23/2020, 21:06:39,191
PICOLOOP1,Picoloop,2262,07/23/2020, 22:06:33,191
PICOLOOP1,Picoloop,2262,07/23/2020, 23:06:01,191
PICOLOOP1,Picoloop,2262,07/24/2020, 00:17:59,191
PICOLOOP1,Picoloop,2262,07/24/2020, 01:07:29,191
PICOLOOP1,Picoloop,2262,07/24/2020, 02:07:51,191
PICOLOOP1,Picoloop,2263,07/24/2020, 03:06:35,191
PICOLOOP1,Picoloop,2264,07/24/2020, 04:06:58,191
PICOLOOP1,Picoloop,2264,07/24/2020, 05:06:26,191
PICOLOOP1,Picoloop,2264,07/24/2020, 06:06:59,191
PICOLOOP1,Picoloop,2264,07/24/2020, 07:06:52,191
PICOLOOP1,Picoloop,2264,07/24/2020, 08:07:25,191
PICOLOOP1,Picoloop,2264,07/24/2020, 09:06:20,191
PICOLOOP1,Picoloop,2264,07/24/2020, 10:06:20,191
PICOLOOP1,Picoloop,2264,07/24/2020, 11:06:16,191
PICOLOOP1,Picoloop,2264,07/24/2020, 12:09:23,191
PICOLOOP1,Picoloop,2264,07/24/2020, 13:05:52,191
PICOLOOP1,Picoloop,2264,07/24/2020, 14:06:55,191
PICOLOOP1,Picoloop,2264,07/24/2020, 15:06:09,191
PICOLOOP1,Picoloop,2264,07/24/2020, 16:06:38,191
PICOLOOP1,Picoloop,2264,07/24/2020, 17:06:17,191
PICOLOOP1,Picoloop,2264,07/24/2020, 18:06:54,191
PICOLOOP1,Picoloop,2264,07/24/2020, 19:06:18,191
PICOLOOP1,Picoloop,2264,07/24/2020, 20:07:21,191
PICOLOOP1,Picoloop,2264,07/24/2020, 21:06:18,191
PICOLOOP1,Picoloop,2264,07/24/2020, 22:06:16,191
PICOLOOP1,Picoloop,2264,07/24/2020, 23:06:09,191
PICOLOOP1,Picoloop,2264,07/25/2020, 00:18:05,191
PICOLOOP1,Picoloop,2264,07/25/2020, 01:06:43,191
PICOLOOP1,Picoloop,2264,07/25/2020, 02:07:13,191
PICOLOOP1,Picoloop,2264,07/25/2020, 03:06:46,191
PICOLOOP1,Picoloop,2264,07/25/2020, 04:07:05,191
PICOLOOP1,Picoloop,2264,07/25/2020, 05:06:30,191
PICOLOOP1,Picoloop,2264,07/25/2020, 06:07:01,191
PICOLOOP1,Picoloop,2264,07/25/2020, 07:07:04,191
PICOLOOP1,Picoloop,2264,07/25/2020, 08:06:51,191
PICOLOOP1,Picoloop,2264,07/25/2020, 09:06:54,191
PICOLOOP1,Picoloop,2264,07/25/2020, 10:06:42,191
PICOLOOP1,Picoloop,2264,07/25/2020, 11:06:09,191
PICOLOOP1,Picoloop,2264,07/25/2020, 12:08:06,191
PICOLOOP1,Picoloop,2264,07/25/2020, 13:06:01,191
PICOLOOP1,Picoloop,2264,07/25/2020, 14:06:51,191
PICOLOOP1,Picoloop,2264,07/25/2020, 15:06:18,191
PICOLOOP1,Picoloop,2264,07/25/2020, 16:06:55,191
PICOLOOP1,Picoloop,2264,07/25/2020, 17:06:23,191
PICOLOOP1,Picoloop,2264,07/25/2020, 18:07:20,191
PICOLOOP1,Picoloop,2264,07/25/2020, 19:06:40,191
PICOLOOP1,Picoloop,2264,07/25/2020, 20:07:12,191
PICOLOOP1,Picoloop,2264,07/25/2020, 21:06:38,191
PICOLOOP1,Picoloop,2264,07/25/2020, 22:06:24,191
PICOLOOP1,Picoloop,2264,07/25/2020, 23:05:49,191
PICOLOOP1,Picoloop,2264,07/26/2020, 00:18:48,191
PICOLOOP1,Picoloop,2264,07/26/2020, 01:06:53,191
PICOLOOP1,Picoloop,2264,07/26/2020, 02:07:26,191
PICOLOOP1,Picoloop,2265,07/26/2020, 03:06:21,191
PICOLOOP1,Picoloop,2265,07/26/2020, 04:06:42,191
PICOLOOP1,Picoloop,2265,07/26/2020, 05:06:21,191
PICOLOOP1,Picoloop,2265,07/26/2020, 06:07:15,191
PICOLOOP1,Picoloop,2265,07/26/2020, 07:07:06,191
PICOLOOP1,Picoloop,2265,07/26/2020, 08:07:36,191
PICOLOOP1,Picoloop,2265,07/26/2020, 09:06:32,191
PICOLOOP1,Picoloop,2265,07/26/2020, 10:06:26,191
PICOLOOP1,Picoloop,2265,07/26/2020, 11:05:51,191
PICOLOOP1,Picoloop,2265,07/26/2020, 12:08:14,191
PICOLOOP1,Picoloop,2265,07/26/2020, 13:06:08,191
PICOLOOP1,Picoloop,2265,07/26/2020, 14:06:48,191
PICOLOOP1,Picoloop,2265,07/26/2020, 15:06:33,191
PICOLOOP1,Picoloop,2265,07/26/2020, 16:06:57,191
PICOLOOP1,Picoloop,2265,07/26/2020, 17:06:25,191
PICOLOOP1,Picoloop,2265,07/26/2020, 18:07:07,191
PICOLOOP1,Picoloop,2265,07/26/2020, 19:06:24,191
PICOLOOP1,Picoloop,2265,07/26/2020, 20:07:25,191
PICOLOOP1,Picoloop,2265,07/26/2020, 21:06:43,191
PICOLOOP1,Picoloop,2265,07/26/2020, 22:06:40,191
PICOLOOP1,Picoloop,2265,07/26/2020, 23:06:07,191
PICOLOOP1,Picoloop,2265,07/27/2020, 00:18:16,191
PICOLOOP1,Picoloop,2265,07/27/2020, 01:06:51,191
PICOLOOP1,Picoloop,2265,07/27/2020, 02:07:15,191
PICOLOOP1,Picoloop,2265,07/27/2020, 03:06:45,191
PICOLOOP1,Picoloop,2265,07/27/2020, 04:07:17,191
PICOLOOP1,Picoloop,2265,07/27/2020, 05:06:39,191
PICOLOOP1,Picoloop,2265,07/27/2020, 06:07:36,191
PICOLOOP1,Picoloop,2265,07/27/2020, 07:06:43,191
PICOLOOP1,Picoloop,2265,07/27/2020, 08:07:48,191
PICOLOOP1,Picoloop,2265,07/27/2020, 09:06:41,191
PICOLOOP1,Picoloop,2265,07/27/2020, 10:06:40,191
PICOLOOP1,Picoloop,2265,07/27/2020, 11:06:21,191
PICOLOOP1,Picoloop,2265,07/27/2020, 12:08:28,191
PICOLOOP1,Picoloop,2265,07/27/2020, 13:06:16,191
PICOLOOP1,Picoloop,2265,07/27/2020, 14:06:47,191
PICOLOOP1,Picoloop,2265,07/27/2020, 15:06:56,191
PICOLOOP1,Picoloop,2265,07/27/2020, 16:06:03,191
PICOLOOP1,Picoloop,2265,07/27/2020, 17:05:37,191
PICOLOOP1,Picoloop,2265,07/27/2020, 18:06:27,191
PICOLOOP1,Picoloop,2265,07/27/2020, 19:05:24,191
PICOLOOP1,Picoloop,2265,07/27/2020, 20:06:16,191
PICOLOOP1,Picoloop,2265,07/27/2020, 21:05:19,191
PICOLOOP1,Picoloop,2265,07/27/2020, 22:06:19,191
PICOLOOP1,Picoloop,2265,07/27/2020, 23:05:48,191
PICOLOOP1,Picoloop,2265,07/28/2020, 00:18:01,191
PICOLOOP1,Picoloop,2265,07/28/2020, 01:07:02,191
PICOLOOP1,Picoloop,2265,07/28/2020, 02:07:33,191
PICOLOOP1,Picoloop,2265,07/28/2020, 03:06:31,191
PICOLOOP1,Picoloop,2265,07/28/2020, 04:06:54,191
PICOLOOP1,Picoloop,2266,07/28/2020, 05:06:29,191
PICOLOOP1,Picoloop,2266,07/28/2020, 06:07:30,191
PICOLOOP1,Picoloop,2266,07/28/2020, 07:06:47,191
PICOLOOP1,Picoloop,2266,07/28/2020, 08:07:40,191
PICOLOOP1,Picoloop,2266,07/28/2020, 09:06:45,191
PICOLOOP1,Picoloop,2266,07/28/2020, 10:06:43,191
PICOLOOP1,Picoloop,2266,07/28/2020, 11:06:16,191
PICOLOOP1,Picoloop,2266,07/28/2020, 12:08:38,191
PICOLOOP1,Picoloop,2266,07/28/2020, 13:06:35,191
PICOLOOP1,Picoloop,2266,07/28/2020, 14:07:02,191
PICOLOOP1,Picoloop,2266,07/28/2020, 15:07:11,191
PICOLOOP1,Picoloop,2267,07/28/2020, 16:07:20,191
PICOLOOP1,Picoloop,2267,07/28/2020, 17:06:19,191
PICOLOOP1,Picoloop,2267,07/28/2020, 18:06:50,191
PICOLOOP1,Picoloop,2267,07/28/2020, 19:06:38,191
PICOLOOP1,Picoloop,2267,07/28/2020, 20:07:27,191
PICOLOOP1,Picoloop,2267,07/28/2020, 21:07:00,191
PICOLOOP1,Picoloop,2267,07/28/2020, 22:06:42,191
PICOLOOP1,Picoloop,2267,07/28/2020, 23:06:28,191
PICOLOOP1,Picoloop,2267,07/29/2020, 00:17:02,191
PICOLOOP1,Picoloop,2267,07/29/2020, 01:07:29,191
PICOLOOP1,Picoloop,2267,07/29/2020, 02:07:31,191
PICOLOOP1,Picoloop,2267,07/29/2020, 03:06:41,191
PICOLOOP1,Picoloop,2267,07/29/2020, 04:07:01,191
PICOLOOP1,Picoloop,2267,07/29/2020, 05:06:34,191
PICOLOOP1,Picoloop,2267,07/29/2020, 06:07:37,191
PICOLOOP1,Picoloop,2267,07/29/2020, 07:06:32,191
PICOLOOP1,Picoloop,2267,07/29/2020, 08:07:02,191
PICOLOOP1,Picoloop,2267,07/29/2020, 09:06:37,191
PICOLOOP1,Picoloop,2267,07/29/2020, 10:06:35,191
PICOLOOP1,Picoloop,2268,07/29/2020, 11:06:30,191
PICOLOOP1,Picoloop,2268,07/29/2020, 12:08:38,191
PICOLOOP1,Picoloop,2268,07/29/2020, 13:06:47,191
PICOLOOP1,Picoloop,2268,07/29/2020, 14:07:11,191
PICOLOOP1,Picoloop,2268,07/29/2020, 15:07:49,191
PICOLOOP1,Picoloop,2268,07/29/2020, 16:07:16,191
PICOLOOP1,Picoloop,2268,07/29/2020, 17:06:20,191
PICOLOOP1,Picoloop,2268,07/29/2020, 18:07:21,191
PICOLOOP1,Picoloop,2268,07/29/2020, 19:06:41,191
PICOLOOP1,Picoloop,2268,07/29/2020, 20:07:48,191
PICOLOOP1,Picoloop,2268,07/29/2020, 21:06:40,191
PICOLOOP1,Picoloop,2268,07/29/2020, 22:06:40,191
PICOLOOP1,Picoloop,2268,07/29/2020, 23:06:38,191
PICOLOOP1,Picoloop,2268,07/30/2020, 00:18:26,191
PICOLOOP1,Picoloop,2268,07/30/2020, 01:07:17,191
PICOLOOP1,Picoloop,2268,07/30/2020, 02:07:19,191
PICOLOOP1,Picoloop,2268,07/30/2020, 03:06:59,191
PICOLOOP1,Picoloop,2268,07/30/2020, 04:06:52,191
PICOLOOP1,Picoloop,2268,07/30/2020, 05:06:52,191
PICOLOOP1,Picoloop,2268,07/30/2020, 06:07:52,191
PICOLOOP1,Picoloop,2268,07/30/2020, 07:06:48,191
PICOLOOP1,Picoloop,2268,07/30/2020, 08:07:27,191
PICOLOOP1,Picoloop,2268,07/30/2020, 09:06:50,191
PICOLOOP1,Picoloop,2268,07/30/2020, 10:06:29,191
PICOLOOP1,Picoloop,2268,07/30/2020, 11:06:45,191
PICOLOOP1,Picoloop,2268,07/30/2020, 12:08:58,191
PICOLOOP1,Picoloop,2268,07/30/2020, 13:06:31,191
PICOLOOP1,Picoloop,2268,07/30/2020, 14:08:07,191
PICOLOOP1,Picoloop,2268,07/30/2020, 15:07:42,191
PICOLOOP1,Picoloop,2269,07/30/2020, 16:07:25,191
PICOLOOP1,Picoloop,2270,07/30/2020, 17:06:48,191
PICOLOOP1,Picoloop,2270,07/30/2020, 18:07:25,191
PICOLOOP1,Picoloop,2270,07/30/2020, 19:06:11,191
PICOLOOP1,Picoloop,2271,07/30/2020, 20:06:45,191
PICOLOOP1,Picoloop,2271,07/30/2020, 21:05:39,191
PICOLOOP1,Picoloop,2271,07/30/2020, 22:05:41,191
PICOLOOP1,Picoloop,2271,07/30/2020, 23:06:32,191
PICOLOOP1,Picoloop,2271,07/31/2020, 00:19:01,191
PICOLOOP1,Picoloop,2271,07/31/2020, 01:07:37,191
PICOLOOP1,Picoloop,2271,07/31/2020, 02:07:51,191
PICOLOOP1,Picoloop,2272,07/31/2020, 03:06:45,191
PICOLOOP1,Picoloop,2272,07/31/2020, 04:07:17,191
PICOLOOP1,Picoloop,2272,07/31/2020, 05:06:52,191
PICOLOOP1,Picoloop,2272,07/31/2020, 06:07:24,191
PICOLOOP1,Picoloop,2272,07/31/2020, 07:06:55,191
PICOLOOP1,Picoloop,2272,07/31/2020, 08:08:06,191
PICOLOOP1,Picoloop,2272,07/31/2020, 09:06:50,191
PICOLOOP1,Picoloop,2272,07/31/2020, 10:06:32,191
PICOLOOP1,Picoloop,2272,07/31/2020, 11:06:27,191
PICOLOOP1,Picoloop,2272,07/31/2020, 12:09:41,191
PICOLOOP1,Picoloop,2272,07/31/2020, 13:06:41,191
PICOLOOP1,Picoloop,2272,07/31/2020, 14:07:13,191
PICOLOOP1,Picoloop,2272,07/31/2020, 15:07:05,191
PICOLOOP1,Picoloop,2272,07/31/2020, 16:07:14,191
PICOLOOP1,Picoloop,2272,07/31/2020, 17:06:39,191
PICOLOOP1,Picoloop,2272,07/31/2020, 18:07:29,191
PICOLOOP1,Picoloop,2272,07/31/2020, 19:06:25,191
PICOLOOP1,Picoloop,2272,07/31/2020, 20:07:46,191
PICOLOOP1,Picoloop,2272,07/31/2020, 21:06:37,191
PICOLOOP1,Picoloop,2272,07/31/2020, 22:06:26,191
PICOLOOP1,Picoloop,2272,07/31/2020, 23:06:27,191
PICOLOOP1,Picoloop,2272,08/01/2020, 00:19:16,191
PICOLOOP1,Picoloop,2272,08/01/2020, 01:07:29,191
PICOLOOP1,Picoloop,2272,08/01/2020, 02:07:35,191
PICOLOOP1,Picoloop,2272,08/01/2020, 03:06:46,191
PICOLOOP1,Picoloop,2272,08/01/2020, 04:07:20,191
PICOLOOP1,Picoloop,2272,08/01/2020, 05:06:47,191
PICOLOOP1,Picoloop,2272,08/01/2020, 06:07:45,191
PICOLOOP1,Picoloop,2272,08/01/2020, 07:07:07,191
PICOLOOP1,Picoloop,2272,08/01/2020, 08:07:37,191
PICOLOOP1,Picoloop,2272,08/01/2020, 09:07:10,191
PICOLOOP1,Picoloop,2272,08/01/2020, 10:06:48,191
PICOLOOP1,Picoloop,2272,08/01/2020, 11:06:36,191
PICOLOOP1,Picoloop,2272,08/01/2020, 12:08:49,191
PICOLOOP1,Picoloop,2272,08/01/2020, 13:06:34,191
PICOLOOP1,Picoloop,2272,08/01/2020, 14:07:18,191
PICOLOOP1,Picoloop,2272,08/01/2020, 15:07:06,191
PICOLOOP1,Picoloop,2272,08/01/2020, 16:07:34,191
PICOLOOP1,Picoloop,2272,08/01/2020, 17:06:45,191
PICOLOOP1,Picoloop,2272,08/01/2020, 18:07:39,191
PICOLOOP1,Picoloop,2272,08/01/2020, 19:06:40,191
PICOLOOP1,Picoloop,2272,08/01/2020, 20:07:43,191
PICOLOOP1,Picoloop,2272,08/01/2020, 21:06:37,191
PICOLOOP1,Picoloop,2272,08/01/2020, 22:06:30,191
PICOLOOP1,Picoloop,2272,08/01/2020, 23:06:30,191
PICOLOOP1,Picoloop,2272,08/02/2020, 00:19:40,191
PICOLOOP1,Picoloop,2272,08/02/2020, 01:07:14,191
PICOLOOP1,Picoloop,2272,08/02/2020, 02:07:42,191
PICOLOOP1,Picoloop,2272,08/02/2020, 03:06:51,191
PICOLOOP1,Picoloop,2272,08/02/2020, 04:07:24,191
PICOLOOP1,Picoloop,2272,08/02/2020, 05:06:53,191
PICOLOOP1,Picoloop,2272,08/02/2020, 06:07:43,191
PICOLOOP1,Picoloop,2272,08/02/2020, 07:07:20,191
PICOLOOP1,Picoloop,2272,08/02/2020, 08:07:21,191
PICOLOOP1,Picoloop,2272,08/02/2020, 09:06:43,191
PICOLOOP1,Picoloop,2272,08/02/2020, 10:06:42,191
PICOLOOP1,Picoloop,2272,08/02/2020, 11:06:40,191
PICOLOOP1,Picoloop,2272,08/02/2020, 12:08:41,191
PICOLOOP1,Picoloop,2272,08/02/2020, 13:06:58,191
PICOLOOP1,Picoloop,2272,08/02/2020, 14:07:25,191
PICOLOOP1,Picoloop,2272,08/02/2020, 15:07:10,191
PICOLOOP1,Picoloop,2272,08/02/2020, 16:07:21,191
PICOLOOP1,Picoloop,2272,08/02/2020, 17:06:39,191
PICOLOOP1,Picoloop,2272,08/02/2020, 18:07:18,191
PICOLOOP1,Picoloop,2272,08/02/2020, 19:06:46,191
PICOLOOP1,Picoloop,2272,08/02/2020, 20:07:49,191
PICOLOOP1,Picoloop,2272,08/02/2020, 21:06:36,191
PICOLOOP1,Picoloop,2272,08/02/2020, 22:06:34,191
PICOLOOP1,Picoloop,2272,08/02/2020, 23:06:57,191
PICOLOOP1,Picoloop,2272,08/03/2020, 00:19:20,191
PICOLOOP1,Picoloop,2272,08/03/2020, 01:07:26,191
PICOLOOP1,Picoloop,2272,08/03/2020, 02:07:49,191
PICOLOOP1,Picoloop,2272,08/03/2020, 03:06:49,191
PICOLOOP1,Picoloop,2272,08/03/2020, 04:07:27,191
PICOLOOP1,Picoloop,2272,08/03/2020, 05:06:55,191
PICOLOOP1,Picoloop,2272,08/03/2020, 06:07:43,191
PICOLOOP1,Picoloop,2272,08/03/2020, 07:07:08,191
PICOLOOP1,Picoloop,2272,08/03/2020, 08:07:47,191
PICOLOOP1,Picoloop,2272,08/03/2020, 09:07:14,191
PICOLOOP1,Picoloop,2272,08/03/2020, 10:07:12,191
PICOLOOP1,Picoloop,2272,08/03/2020, 11:06:49,191
PICOLOOP1,Picoloop,2272,08/03/2020, 12:09:18,191
PICOLOOP1,Picoloop,2272,08/03/2020, 13:06:29,191
PICOLOOP1,Picoloop,2272,08/03/2020, 14:07:34,191
PICOLOOP1,Picoloop,2272,08/03/2020, 15:07:03,191
PICOLOOP1,Picoloop,2272,08/03/2020, 16:07:09,191
PICOLOOP1,Picoloop,2274,08/03/2020, 17:06:46,191
PICOLOOP1,Picoloop,2274,08/03/2020, 18:07:25,191
PICOLOOP1,Picoloop,2274,08/03/2020, 19:06:41,191
PICOLOOP1,Picoloop,2274,08/03/2020, 20:08:20,191
PICOLOOP1,Picoloop,2274,08/03/2020, 21:06:43,191
PICOLOOP1,Picoloop,2274,08/03/2020, 22:06:31,191
PICOLOOP1,Picoloop,2274,08/03/2020, 23:06:30,191
PICOLOOP1,Picoloop,2274,08/04/2020, 00:19:14,191
PICOLOOP1,Picoloop,2274,08/04/2020, 01:07:26,191
PICOLOOP1,Picoloop,2274,08/04/2020, 02:07:56,191
PICOLOOP1,Picoloop,2274,08/04/2020, 03:07:03,191
PICOLOOP1,Picoloop,2274,08/04/2020, 04:07:25,191
PICOLOOP1,Picoloop,2274,08/04/2020, 05:07:02,191
PICOLOOP1,Picoloop,2274,08/04/2020, 06:07:33,191
PICOLOOP1,Picoloop,2274,08/04/2020, 07:07:05,191
PICOLOOP1,Picoloop,2274,08/04/2020, 08:08:11,191
PICOLOOP1,Picoloop,2274,08/04/2020, 09:06:50,191
PICOLOOP1,Picoloop,2274,08/04/2020, 10:06:57,191
PICOLOOP1,Picoloop,2274,08/04/2020, 11:06:44,191
PICOLOOP1,Picoloop,2274,08/04/2020, 12:09:19,191
PICOLOOP1,Picoloop,2274,08/04/2020, 13:06:52,191
PICOLOOP1,Picoloop,2274,08/04/2020, 14:07:29,191
PICOLOOP1,Picoloop,2274,08/04/2020, 15:07:08,191
PICOLOOP1,Picoloop,2274,08/04/2020, 16:07:25,191
PICOLOOP1,Picoloop,2274,08/04/2020, 17:06:53,191
PICOLOOP1,Picoloop,2274,08/04/2020, 18:07:35,191
PICOLOOP1,Picoloop,2274,08/04/2020, 19:06:44,191
PICOLOOP1,Picoloop,2275,08/04/2020, 20:07:52,191
PICOLOOP1,Picoloop,2275,08/04/2020, 21:06:58,191
PICOLOOP1,Picoloop,2275,08/04/2020, 22:06:42,191
PICOLOOP1,Picoloop,2275,08/04/2020, 23:06:05,191
PICOLOOP1,Picoloop,2275,08/05/2020, 00:19:22,191
PICOLOOP1,Picoloop,2275,08/05/2020, 01:07:47,191
PICOLOOP1,Picoloop,2275,08/05/2020, 02:08:07,191
PICOLOOP1,Picoloop,2275,08/05/2020, 03:06:58,191
PICOLOOP1,Picoloop,2275,08/05/2020, 04:07:33,191
PICOLOOP1,Picoloop,2275,08/05/2020, 05:07:07,191
PICOLOOP1,Picoloop,2275,08/05/2020, 06:07:37,191
PICOLOOP1,Picoloop,2275,08/05/2020, 07:07:28,191
PICOLOOP1,Picoloop,2275,08/05/2020, 08:07:55,191
PICOLOOP1,Picoloop,2275,08/05/2020, 09:06:59,191
PICOLOOP1,Picoloop,2276,08/05/2020, 10:07:01,191
PICOLOOP1,Picoloop,2276,08/05/2020, 11:06:44,191
PICOLOOP1,Picoloop,2276,08/05/2020, 12:09:04,191
PICOLOOP1,Picoloop,2277,08/05/2020, 13:06:51,191
PICOLOOP1,Picoloop,2277,08/05/2020, 14:07:44,191
PICOLOOP1,Picoloop,2277,08/05/2020, 15:07:00,191
PICOLOOP1,Picoloop,2277,08/05/2020, 16:07:16,191
PICOLOOP1,Picoloop,2277,08/05/2020, 17:07:09,191
PICOLOOP1,Picoloop,2277,08/05/2020, 18:07:45,191
PICOLOOP1,Picoloop,2277,08/05/2020, 19:07:00,191
PICOLOOP1,Picoloop,2278,08/05/2020, 20:08:01,191
PICOLOOP1,Picoloop,2279,08/05/2020, 21:06:51,191
PICOLOOP1,Picoloop,2279,08/05/2020, 22:06:31,191
PICOLOOP1,Picoloop,2279,08/05/2020, 23:06:59,191
PICOLOOP1,Picoloop,2279,08/06/2020, 00:19:35,191
PICOLOOP1,Picoloop,2279,08/06/2020, 01:07:51,191
PICOLOOP1,Picoloop,2279,08/06/2020, 02:07:47,191
PICOLOOP1,Picoloop,2279,08/06/2020, 03:07:02,191
PICOLOOP1,Picoloop,2279,08/06/2020, 04:07:33,191
PICOLOOP1,Picoloop,2279,08/06/2020, 05:06:58,191
PICOLOOP1,Picoloop,2279,08/06/2020, 06:07:39,191
PICOLOOP1,Picoloop,2279,08/06/2020, 07:07:08,191
PICOLOOP1,Picoloop,2279,08/06/2020, 08:08:00,191
PICOLOOP1,Picoloop,2279,08/06/2020, 09:06:58,191
PICOLOOP1,Picoloop,2279,08/06/2020, 10:07:02,191
PICOLOOP1,Picoloop,2279,08/06/2020, 11:07:05,191
PICOLOOP1,Picoloop,2279,08/06/2020, 12:09:24,191
PICOLOOP1,Picoloop,2279,08/06/2020, 13:07:00,191
PICOLOOP1,Picoloop,2279,08/06/2020, 14:07:55,191
PICOLOOP1,Picoloop,2279,08/06/2020, 15:07:09,191
PICOLOOP1,Picoloop,2279,08/06/2020, 16:07:23,191
PICOLOOP1,Picoloop,2279,08/06/2020, 17:07:00,191
PICOLOOP1,Picoloop,2279,08/06/2020, 18:07:32,191
PICOLOOP1,Picoloop,2279,08/06/2020, 19:06:55,191
PICOLOOP1,Picoloop,2279,08/06/2020, 20:07:55,191
PICOLOOP1,Picoloop,2279,08/06/2020, 21:07:09,191
PICOLOOP1,Picoloop,2279,08/06/2020, 22:07:05,191
PICOLOOP1,Picoloop,2279,08/06/2020, 23:07:10,191
PICOLOOP1,Picoloop,2279,08/07/2020, 00:19:52,191
PICOLOOP1,Picoloop,2279,08/07/2020, 01:08:01,191
PICOLOOP1,Picoloop,2279,08/07/2020, 02:07:58,191
PICOLOOP1,Picoloop,2279,08/07/2020, 03:07:17,191
PICOLOOP1,Picoloop,2279,08/07/2020, 04:07:41,191
PICOLOOP1,Picoloop,2279,08/07/2020, 05:07:21,191
PICOLOOP1,Picoloop,2279,08/07/2020, 06:07:53,191
PICOLOOP1,Picoloop,2279,08/07/2020, 07:08:09,191
PICOLOOP1,Picoloop,2279,08/07/2020, 08:07:57,191
PICOLOOP1,Picoloop,2279,08/07/2020, 09:07:06,191
PICOLOOP1,Picoloop,2279,08/07/2020, 10:07:43,191
PICOLOOP1,Picoloop,2279,08/07/2020, 11:06:51,191
PICOLOOP1,Picoloop,2280,08/07/2020, 12:10:08,191
PICOLOOP1,Picoloop,2280,08/07/2020, 13:06:59,191
PICOLOOP1,Picoloop,2280,08/07/2020, 14:07:40,191
PICOLOOP1,Picoloop,2280,08/07/2020, 15:07:16,191
PICOLOOP1,Picoloop,2280,08/07/2020, 16:07:28,191
PICOLOOP1,Picoloop,2280,08/07/2020, 17:07:05,191
PICOLOOP1,Picoloop,2280,08/07/2020, 18:07:37,191
PICOLOOP1,Picoloop,2280,08/07/2020, 19:06:42,191
PICOLOOP1,Picoloop,2280,08/07/2020, 20:07:58,191
PICOLOOP1,Picoloop,2280,08/07/2020, 21:06:55,191
PICOLOOP1,Picoloop,2280,08/07/2020, 22:06:51,191
PICOLOOP1,Picoloop,2280,08/07/2020, 23:06:53,191
PICOLOOP1,Picoloop,2280,08/08/2020, 00:19:49,191
PICOLOOP1,Picoloop,2280,08/08/2020, 01:07:44,191
PICOLOOP1,Picoloop,2280,08/08/2020, 02:07:49,191
PICOLOOP1,Picoloop,2280,08/08/2020, 03:06:48,191
PICOLOOP1,Picoloop,2280,08/08/2020, 04:07:29,191
PICOLOOP1,Picoloop,2280,08/08/2020, 05:06:52,191
PICOLOOP1,Picoloop,2280,08/08/2020, 06:07:53,191
PICOLOOP1,Picoloop,2280,08/08/2020, 07:07:08,191
PICOLOOP1,Picoloop,2280,08/08/2020, 08:07:55,191
PICOLOOP1,Picoloop,2280,08/08/2020, 09:06:59,191
PICOLOOP1,Picoloop,2280,08/08/2020, 10:07:03,191
PICOLOOP1,Picoloop,2280,08/08/2020, 11:07:07,191
PICOLOOP1,Picoloop,2280,08/08/2020, 12:09:13,191
PICOLOOP1,Picoloop,2280,08/08/2020, 13:07:04,191
PICOLOOP1,Picoloop,2280,08/08/2020, 14:07:47,191
PICOLOOP1,Picoloop,2280,08/08/2020, 15:07:14,191
PICOLOOP1,Picoloop,2280,08/08/2020, 16:07:15,191
PICOLOOP1,Picoloop,2280,08/08/2020, 17:07:30,191
PICOLOOP1,Picoloop,2280,08/08/2020, 18:07:26,191
PICOLOOP1,Picoloop,2280,08/08/2020, 19:06:58,191
PICOLOOP1,Picoloop,2280,08/08/2020, 20:07:51,191
PICOLOOP1,Picoloop,2280,08/08/2020, 21:07:02,191
PICOLOOP1,Picoloop,2280,08/08/2020, 22:06:32,191
PICOLOOP1,Picoloop,2280,08/08/2020, 23:07:05,191
PICOLOOP1,Picoloop,2280,08/09/2020, 00:20:47,191
PICOLOOP1,Picoloop,2280,08/09/2020, 01:07:46,191
PICOLOOP1,Picoloop,2280,08/09/2020, 02:07:54,191
PICOLOOP1,Picoloop,2280,08/09/2020, 03:06:53,191
PICOLOOP1,Picoloop,2280,08/09/2020, 04:07:30,191
PICOLOOP1,Picoloop,2280,08/09/2020, 05:07:04,191
PICOLOOP1,Picoloop,2280,08/09/2020, 06:07:58,191
PICOLOOP1,Picoloop,2280,08/09/2020, 07:07:10,191
PICOLOOP1,Picoloop,2280,08/09/2020, 08:07:29,191
PICOLOOP1,Picoloop,2280,08/09/2020, 09:07:13,191
PICOLOOP1,Picoloop,2280,08/09/2020, 10:07:19,191
PICOLOOP1,Picoloop,2280,08/09/2020, 11:07:07,191
PICOLOOP1,Picoloop,2280,08/09/2020, 12:09:28,191
PICOLOOP1,Picoloop,2280,08/09/2020, 13:07:04,191
PICOLOOP1,Picoloop,2280,08/09/2020, 14:07:20,191
PICOLOOP1,Picoloop,2280,08/09/2020, 15:06:52,191
PICOLOOP1,Picoloop,2280,08/09/2020, 16:07:30,191
PICOLOOP1,Picoloop,2280,08/09/2020, 17:07:10,191
PICOLOOP1,Picoloop,2280,08/09/2020, 18:07:38,191
PICOLOOP1,Picoloop,2280,08/09/2020, 19:06:58,191
PICOLOOP1,Picoloop,2280,08/09/2020, 20:08:14,191
PICOLOOP1,Picoloop,2280,08/09/2020, 21:07:15,191
PICOLOOP1,Picoloop,2280,08/09/2020, 22:07:04,191
PICOLOOP1,Picoloop,2280,08/09/2020, 23:07:11,191
PICOLOOP1,Picoloop,2280,08/10/2020, 00:20:34,191
PICOLOOP1,Picoloop,2281,08/10/2020, 01:07:55,191
PICOLOOP1,Picoloop,2281,08/10/2020, 02:08:01,191
PICOLOOP1,Picoloop,2281,08/10/2020, 03:07:39,191
PICOLOOP1,Picoloop,2281,08/10/2020, 04:07:44,191
PICOLOOP1,Picoloop,2281,08/10/2020, 05:07:21,191
PICOLOOP1,Picoloop,2281,08/10/2020, 06:08:26,191
PICOLOOP1,Picoloop,2281,08/10/2020, 07:07:14,191
PICOLOOP1,Picoloop,2281,08/10/2020, 08:07:58,191
PICOLOOP1,Picoloop,2281,08/10/2020, 09:07:23,191
PICOLOOP1,Picoloop,2281,08/10/2020, 10:07:30,191
PICOLOOP1,Picoloop,2281,08/10/2020, 11:07:06,191
PICOLOOP1,Picoloop,2281,08/10/2020, 12:09:40,191
PICOLOOP1,Picoloop,2281,08/10/2020, 13:06:51,191
PICOLOOP1,Picoloop,2281,08/10/2020, 14:08:08,191
PICOLOOP1,Picoloop,2281,08/10/2020, 15:07:18,191
PICOLOOP1,Picoloop,2281,08/10/2020, 16:07:50,191
PICOLOOP1,Picoloop,2281,08/10/2020, 17:06:58,191
PICOLOOP1,Picoloop,2281,08/10/2020, 18:07:45,191
PICOLOOP1,Picoloop,2281,08/10/2020, 19:07:09,191
PICOLOOP1,Picoloop,2281,08/10/2020, 20:07:42,191
PICOLOOP1,Picoloop,2281,08/10/2020, 21:07:00,191
PICOLOOP1,Picoloop,2281,08/10/2020, 22:06:51,191
PICOLOOP1,Picoloop,2281,08/10/2020, 23:07:00,191
PICOLOOP1,Picoloop,2281,08/11/2020, 00:20:13,191
PICOLOOP1,Picoloop,2281,08/11/2020, 01:07:50,191
PICOLOOP1,Picoloop,2282,08/11/2020, 02:08:17,191
PICOLOOP1,Picoloop,2282,08/11/2020, 03:07:24,191
PICOLOOP1,Picoloop,2282,08/11/2020, 04:07:55,191
PICOLOOP1,Picoloop,2282,08/11/2020, 05:07:11,191
PICOLOOP1,Picoloop,2282,08/11/2020, 06:08:01,191
PICOLOOP1,Picoloop,2282,08/11/2020, 07:07:46,191
PICOLOOP1,Picoloop,2282,08/11/2020, 08:08:29,191
PICOLOOP1,Picoloop,2282,08/11/2020, 09:07:26,191
PICOLOOP1,Picoloop,2282,08/11/2020, 10:07:42,191
PICOLOOP1,Picoloop,2282,08/11/2020, 11:08:04,191
PICOLOOP1,Picoloop,2282,08/11/2020, 12:09:05,191
PICOLOOP1,Picoloop,2282,08/11/2020, 13:07:18,191
PICOLOOP1,Picoloop,2282,08/11/2020, 14:08:04,191
PICOLOOP1,Picoloop,2282,08/11/2020, 15:07:39,191
PICOLOOP1,Picoloop,2282,08/11/2020, 16:08:00,191
PICOLOOP1,Picoloop,2282,08/11/2020, 17:07:01,191
PICOLOOP1,Picoloop,2282,08/11/2020, 18:07:55,191
PICOLOOP1,Picoloop,2282,08/11/2020, 19:07:08,191
PICOLOOP1,Picoloop,2282,08/11/2020, 20:07:54,191
PICOLOOP1,Picoloop,2283,08/11/2020, 21:07:06,191
PICOLOOP1,Picoloop,2283,08/11/2020, 22:07:12,191
PICOLOOP1,Picoloop,2283,08/11/2020, 23:06:51,191
PICOLOOP1,Picoloop,2283,08/12/2020, 00:19:41,191
PICOLOOP1,Picoloop,2283,08/12/2020, 01:07:45,191
PICOLOOP1,Picoloop,2283,08/12/2020, 02:07:47,191
PICOLOOP1,Picoloop,2283,08/12/2020, 03:07:28,191
PICOLOOP1,Picoloop,2283,08/12/2020, 04:07:58,191
PICOLOOP1,Picoloop,2283,08/12/2020, 05:07:04,191
PICOLOOP1,Picoloop,2283,08/12/2020, 06:08:10,191
PICOLOOP1,Picoloop,2283,08/12/2020, 07:07:38,191
PICOLOOP1,Picoloop,2283,08/12/2020, 08:07:52,191
PICOLOOP1,Picoloop,2283,08/12/2020, 09:07:35,191
PICOLOOP1,Picoloop,2283,08/12/2020, 10:07:41,191
PICOLOOP1,Picoloop,2283,08/12/2020, 11:07:11,191
PICOLOOP1,Picoloop,2283,08/12/2020, 12:09:19,191
PICOLOOP1,Picoloop,2283,08/12/2020, 13:07:06,191
PICOLOOP1,Picoloop,2283,08/12/2020, 14:08:12,191
PICOLOOP1,Picoloop,2284,08/12/2020, 15:07:33,191
PICOLOOP1,Picoloop,2284,08/12/2020, 16:07:54,191
PICOLOOP1,Picoloop,2284,08/12/2020, 17:07:09,191
PICOLOOP1,Picoloop,2284,08/12/2020, 18:08:01,191
PICOLOOP1,Picoloop,2284,08/12/2020, 19:07:12,191
PICOLOOP1,Picoloop,2284,08/12/2020, 20:08:25,191
PICOLOOP1,Picoloop,2284,08/12/2020, 21:07:01,191
PICOLOOP1,Picoloop,2284,08/12/2020, 22:07:32,191
PICOLOOP1,Picoloop,2284,08/12/2020, 23:07:30,191
PICOLOOP1,Picoloop,2284,08/13/2020, 00:20:13,191
PICOLOOP1,Picoloop,2284,08/13/2020, 01:07:48,191
PICOLOOP1,Picoloop,2284,08/13/2020, 02:08:24,191
PICOLOOP1,Picoloop,2284,08/13/2020, 03:07:27,191
PICOLOOP1,Picoloop,2284,08/13/2020, 04:08:01,191
PICOLOOP1,Picoloop,2284,08/13/2020, 05:07:15,191
PICOLOOP1,Picoloop,2284,08/13/2020, 06:08:30,191
PICOLOOP1,Picoloop,2284,08/13/2020, 07:07:24,191
PICOLOOP1,Picoloop,2284,08/13/2020, 08:07:59,191
PICOLOOP1,Picoloop,2284,08/13/2020, 09:07:30,191
PICOLOOP1,Picoloop,2284,08/13/2020, 10:07:46,191
PICOLOOP1,Picoloop,2284,08/13/2020, 11:06:52,191
PICOLOOP1,Picoloop,2284,08/13/2020, 12:09:32,191
PICOLOOP1,Picoloop,2284,08/13/2020, 13:07:13,191
PICOLOOP1,Picoloop,2284,08/13/2020, 14:07:57,191
PICOLOOP1,Picoloop,2284,08/13/2020, 15:07:38,191
PICOLOOP1,Picoloop,2284,08/13/2020, 16:08:06,191
PICOLOOP1,Picoloop,2284,08/13/2020, 17:07:35,191
PICOLOOP1,Picoloop,2284,08/13/2020, 18:07:49,191
PICOLOOP1,Picoloop,2284,08/13/2020, 19:06:50,191
PICOLOOP1,Picoloop,2284,08/13/2020, 20:08:11,191
PICOLOOP1,Picoloop,2284,08/13/2020, 21:07:10,191
PICOLOOP1,Picoloop,2284,08/13/2020, 22:07:47,191
PICOLOOP1,Picoloop,2284,08/13/2020, 23:07:15,191
PICOLOOP1,Picoloop,2284,08/14/2020, 00:20:03,191
PICOLOOP1,Picoloop,2284,08/14/2020, 01:06:47,191
PICOLOOP1,Picoloop,2284,08/14/2020, 02:08:18,191
PICOLOOP1,Picoloop,2284,08/14/2020, 03:07:33,191
PICOLOOP1,Picoloop,2284,08/14/2020, 04:08:11,191
PICOLOOP1,Picoloop,2284,08/14/2020, 05:07:15,191
PICOLOOP1,Picoloop,2284,08/14/2020, 06:08:17,191
PICOLOOP1,Picoloop,2284,08/14/2020, 07:07:28,191
PICOLOOP1,Picoloop,2284,08/14/2020, 08:08:44,191
PICOLOOP1,Picoloop,2285,08/14/2020, 09:07:43,191
PICOLOOP1,Picoloop,2285,08/14/2020, 10:07:36,191
PICOLOOP1,Picoloop,2285,08/14/2020, 11:07:03,191
PICOLOOP1,Picoloop,2285,08/14/2020, 12:10:48,191
PICOLOOP1,Picoloop,2285,08/14/2020, 13:07:14,191
PICOLOOP1,Picoloop,2285,08/14/2020, 14:07:52,191
PICOLOOP1,Picoloop,2285,08/14/2020, 15:07:22,191
PICOLOOP1,Picoloop,2285,08/14/2020, 16:08:03,191
PICOLOOP1,Picoloop,2285,08/14/2020, 17:07:21,191
PICOLOOP1,Picoloop,2285,08/14/2020, 18:08:11,191
PICOLOOP1,Picoloop,2285,08/14/2020, 19:07:25,191
PICOLOOP1,Picoloop,2286,08/14/2020, 20:08:32,191
PICOLOOP1,Picoloop,2286,08/14/2020, 21:07:08,191
PICOLOOP1,Picoloop,2286,08/14/2020, 22:07:46,191
PICOLOOP1,Picoloop,2286,08/14/2020, 23:07:14,191
PICOLOOP1,Picoloop,2286,08/15/2020, 00:20:04,191
PICOLOOP1,Picoloop,2286,08/15/2020, 01:08:01,191
PICOLOOP1,Picoloop,2286,08/15/2020, 02:08:07,191
