SCRATEBOX,Super Crate Mod,1447,06/18/2020, 12:35:47,516
SCRATEBOX,Super Crate Mod,1447,06/18/2020, 13:04:35,516
SCRATEBOX,Super Crate Mod,1447,06/18/2020, 14:06:21,516
SCRATEBOX,Super Crate Mod,1447,06/18/2020, 15:04:55,516
SCRATEBOX,Super Crate Mod,1447,06/18/2020, 16:05:12,516
SCRATEBOX,Super Crate Mod,1447,06/18/2020, 17:05:41,516
SCRATEBOX,Super Crate Mod,1447,06/18/2020, 18:05:02,516
SCRATEBOX,Super Crate Mod,1447,06/18/2020, 19:04:27,516
SCRATEBOX,Super Crate Mod,1447,06/18/2020, 20:05:19,516
SCRATEBOX,Super Crate Mod,1447,06/18/2020, 21:05:10,516
SCRATEBOX,Super Crate Mod,1447,06/18/2020, 22:04:46,516
SCRATEBOX,Super Crate Mod,1450,06/18/2020, 23:05:11,516
SCRATEBOX,Super Crate Mod,1450,06/19/2020, 00:13:11,516
SCRATEBOX,Super Crate Mod,1450,06/19/2020, 01:06:05,516
SCRATEBOX,Super Crate Mod,1450,06/19/2020, 02:04:57,516
SCRATEBOX,Super Crate Mod,1450,06/19/2020, 03:04:46,516
SCRATEBOX,Super Crate Mod,1451,06/19/2020, 04:05:13,516
SCRATEBOX,Super Crate Mod,1451,06/19/2020, 05:06:07,516
SCRATEBOX,Super Crate Mod,1451,06/19/2020, 06:06:05,516
SCRATEBOX,Super Crate Mod,1451,06/19/2020, 07:05:04,516
SCRATEBOX,Super Crate Mod,1451,06/19/2020, 08:06:41,516
SCRATEBOX,Super Crate Mod,1451,06/19/2020, 09:04:55,516
SCRATEBOX,Super Crate Mod,1451,06/19/2020, 10:04:43,516
SCRATEBOX,Super Crate Mod,1451,06/19/2020, 11:04:34,516
SCRATEBOX,Super Crate Mod,1452,06/19/2020, 12:06:20,516
SCRATEBOX,Super Crate Mod,1453,06/19/2020, 13:04:42,516
SCRATEBOX,Super Crate Mod,1453,06/19/2020, 14:05:08,516
SCRATEBOX,Super Crate Mod,1453,06/19/2020, 15:04:58,516
SCRATEBOX,Super Crate Mod,1454,06/19/2020, 16:05:19,516
SCRATEBOX,Super Crate Mod,1454,06/19/2020, 17:04:50,516
SCRATEBOX,Super Crate Mod,1454,06/19/2020, 18:05:08,516
SCRATEBOX,Super Crate Mod,1454,06/19/2020, 19:04:30,516
SCRATEBOX,Super Crate Mod,1454,06/19/2020, 20:05:26,516
SCRATEBOX,Super Crate Mod,1454,06/19/2020, 21:04:53,516
SCRATEBOX,Super Crate Mod,1454,06/19/2020, 22:04:36,516
SCRATEBOX,Super Crate Mod,1455,06/19/2020, 23:04:21,516
SCRATEBOX,Super Crate Mod,1456,06/20/2020, 00:12:44,516
SCRATEBOX,Super Crate Mod,1456,06/20/2020, 01:05:16,516
SCRATEBOX,Super Crate Mod,1456,06/20/2020, 02:05:48,516
SCRATEBOX,Super Crate Mod,1456,06/20/2020, 03:05:55,516
SCRATEBOX,Super Crate Mod,1456,06/20/2020, 04:06:13,516
SCRATEBOX,Super Crate Mod,1456,06/20/2020, 05:05:00,516
SCRATEBOX,Super Crate Mod,1456,06/20/2020, 06:05:56,516
SCRATEBOX,Super Crate Mod,1456,06/20/2020, 07:06:07,516
SCRATEBOX,Super Crate Mod,1456,06/20/2020, 08:05:12,516
SCRATEBOX,Super Crate Mod,1456,06/20/2020, 09:05:33,516
SCRATEBOX,Super Crate Mod,1456,06/20/2020, 10:05:49,516
SCRATEBOX,Super Crate Mod,1456,06/20/2020, 11:05:49,516
SCRATEBOX,Super Crate Mod,1457,06/20/2020, 12:06:20,516
SCRATEBOX,Super Crate Mod,1457,06/20/2020, 13:05:02,516
SCRATEBOX,Super Crate Mod,1457,06/20/2020, 14:05:52,516
SCRATEBOX,Super Crate Mod,1457,06/20/2020, 15:04:41,516
SCRATEBOX,Super Crate Mod,1457,06/20/2020, 16:05:09,516
SCRATEBOX,Super Crate Mod,1457,06/20/2020, 17:05:16,516
SCRATEBOX,Super Crate Mod,1457,06/20/2020, 18:05:07,516
SCRATEBOX,Super Crate Mod,1457,06/20/2020, 19:05:51,516
SCRATEBOX,Super Crate Mod,1457,06/20/2020, 20:05:20,516
SCRATEBOX,Super Crate Mod,1457,06/20/2020, 21:05:02,516
SCRATEBOX,Super Crate Mod,1457,06/20/2020, 22:04:21,516
SCRATEBOX,Super Crate Mod,1457,06/20/2020, 23:06:32,516
SCRATEBOX,Super Crate Mod,1457,06/21/2020, 00:13:56,516
SCRATEBOX,Super Crate Mod,1457,06/21/2020, 01:05:05,516
SCRATEBOX,Super Crate Mod,1457,06/21/2020, 02:09:09,516
SCRATEBOX,Super Crate Mod,1457,06/21/2020, 03:05:06,516
SCRATEBOX,Super Crate Mod,1457,06/21/2020, 04:06:08,516
SCRATEBOX,Super Crate Mod,1457,06/21/2020, 05:04:41,516
SCRATEBOX,Super Crate Mod,1458,06/21/2020, 06:06:03,516
SCRATEBOX,Super Crate Mod,1458,06/21/2020, 07:04:56,516
SCRATEBOX,Super Crate Mod,1458,06/21/2020, 08:05:14,516
SCRATEBOX,Super Crate Mod,1460,06/21/2020, 09:05:00,516
SCRATEBOX,Super Crate Mod,1461,06/21/2020, 10:06:08,516
SCRATEBOX,Super Crate Mod,1461,06/21/2020, 11:05:57,516
SCRATEBOX,Super Crate Mod,1461,06/21/2020, 12:06:15,516
SCRATEBOX,Super Crate Mod,1461,06/21/2020, 13:04:49,516
SCRATEBOX,Super Crate Mod,1461,06/21/2020, 14:05:51,516
SCRATEBOX,Super Crate Mod,1461,06/21/2020, 15:05:39,516
SCRATEBOX,Super Crate Mod,1461,06/21/2020, 16:04:51,516
SCRATEBOX,Super Crate Mod,1461,06/21/2020, 17:04:40,516
SCRATEBOX,Super Crate Mod,1461,06/21/2020, 18:05:32,516
SCRATEBOX,Super Crate Mod,1461,06/21/2020, 19:06:02,516
SCRATEBOX,Super Crate Mod,1461,06/21/2020, 20:05:29,516
SCRATEBOX,Super Crate Mod,1461,06/21/2020, 21:04:52,516
SCRATEBOX,Super Crate Mod,1461,06/21/2020, 22:04:51,516
SCRATEBOX,Super Crate Mod,1461,06/21/2020, 23:04:58,516
SCRATEBOX,Super Crate Mod,1461,06/22/2020, 00:13:04,516
SCRATEBOX,Super Crate Mod,1461,06/22/2020, 01:05:16,516
SCRATEBOX,Super Crate Mod,1461,06/22/2020, 02:05:28,516
SCRATEBOX,Super Crate Mod,1461,06/22/2020, 03:05:02,516
SCRATEBOX,Super Crate Mod,1461,06/22/2020, 04:05:20,516
SCRATEBOX,Super Crate Mod,1461,06/22/2020, 05:05:04,516
SCRATEBOX,Super Crate Mod,1461,06/22/2020, 06:06:04,516
SCRATEBOX,Super Crate Mod,1463,06/22/2020, 07:04:51,516
SCRATEBOX,Super Crate Mod,1464,06/22/2020, 08:05:46,516
SCRATEBOX,Super Crate Mod,1465,06/22/2020, 09:04:58,516
SCRATEBOX,Super Crate Mod,1465,06/22/2020, 10:05:33,516
SCRATEBOX,Super Crate Mod,1465,06/22/2020, 11:05:04,516
SCRATEBOX,Super Crate Mod,1465,06/22/2020, 12:06:42,516
SCRATEBOX,Super Crate Mod,1465,06/22/2020, 13:05:14,516
SCRATEBOX,Super Crate Mod,1466,06/22/2020, 14:05:02,516
SCRATEBOX,Super Crate Mod,1466,06/22/2020, 15:05:30,516
SCRATEBOX,Super Crate Mod,1466,06/22/2020, 16:05:01,516
SCRATEBOX,Super Crate Mod,1466,06/22/2020, 17:04:47,516
SCRATEBOX,Super Crate Mod,1466,06/22/2020, 18:05:12,516
SCRATEBOX,Super Crate Mod,1466,06/22/2020, 19:04:33,516
SCRATEBOX,Super Crate Mod,1467,06/22/2020, 20:05:48,516
SCRATEBOX,Super Crate Mod,1467,06/22/2020, 21:04:48,516
SCRATEBOX,Super Crate Mod,1467,06/22/2020, 22:04:35,516
SCRATEBOX,Super Crate Mod,1467,06/22/2020, 23:04:24,516
SCRATEBOX,Super Crate Mod,1467,06/23/2020, 00:12:58,516
SCRATEBOX,Super Crate Mod,1467,06/23/2020, 01:05:16,516
SCRATEBOX,Super Crate Mod,1467,06/23/2020, 02:05:57,516
SCRATEBOX,Super Crate Mod,1467,06/23/2020, 03:04:56,516
SCRATEBOX,Super Crate Mod,1467,06/23/2020, 04:05:17,516
SCRATEBOX,Super Crate Mod,1467,06/23/2020, 05:06:06,516
SCRATEBOX,Super Crate Mod,1467,06/23/2020, 06:05:36,516
SCRATEBOX,Super Crate Mod,1467,06/23/2020, 07:05:05,516
SCRATEBOX,Super Crate Mod,1467,06/23/2020, 08:06:03,516
SCRATEBOX,Super Crate Mod,1467,06/23/2020, 09:04:48,516
SCRATEBOX,Super Crate Mod,1467,06/23/2020, 10:04:48,516
SCRATEBOX,Super Crate Mod,1467,06/23/2020, 11:04:37,516
SCRATEBOX,Super Crate Mod,1467,06/23/2020, 12:06:26,516
SCRATEBOX,Super Crate Mod,1468,06/23/2020, 13:04:46,516
SCRATEBOX,Super Crate Mod,1468,06/23/2020, 14:31:49,516
SCRATEBOX,Super Crate Mod,1468,06/23/2020, 15:05:00,516
SCRATEBOX,Super Crate Mod,1468,06/23/2020, 16:05:01,516
SCRATEBOX,Super Crate Mod,1468,06/23/2020, 17:04:46,516
SCRATEBOX,Super Crate Mod,1469,06/23/2020, 18:05:13,516
SCRATEBOX,Super Crate Mod,1470,06/23/2020, 19:04:32,516
SCRATEBOX,Super Crate Mod,1470,06/23/2020, 20:05:30,516
SCRATEBOX,Super Crate Mod,1470,06/23/2020, 21:04:46,516
SCRATEBOX,Super Crate Mod,1470,06/23/2020, 22:04:35,516
SCRATEBOX,Super Crate Mod,1471,06/23/2020, 23:04:23,516
SCRATEBOX,Super Crate Mod,1471,06/24/2020, 00:12:39,516
SCRATEBOX,Super Crate Mod,1471,06/24/2020, 01:05:34,516
SCRATEBOX,Super Crate Mod,1471,06/24/2020, 02:06:20,516
SCRATEBOX,Super Crate Mod,1471,06/24/2020, 03:04:45,516
SCRATEBOX,Super Crate Mod,1472,06/24/2020, 04:06:00,516
SCRATEBOX,Super Crate Mod,1472,06/24/2020, 05:04:54,516
SCRATEBOX,Super Crate Mod,1472,06/24/2020, 06:05:16,516
SCRATEBOX,Super Crate Mod,1472,06/24/2020, 07:05:18,516
SCRATEBOX,Super Crate Mod,1473,06/24/2020, 08:05:48,516
SCRATEBOX,Super Crate Mod,1474,06/24/2020, 09:04:55,516
SCRATEBOX,Super Crate Mod,1475,06/24/2020, 10:04:47,516
SCRATEBOX,Super Crate Mod,1475,06/24/2020, 11:04:57,516
SCRATEBOX,Super Crate Mod,1475,06/24/2020, 12:06:27,516
SCRATEBOX,Super Crate Mod,1475,06/24/2020, 13:05:08,516
SCRATEBOX,Super Crate Mod,1475,06/24/2020, 14:05:04,516
SCRATEBOX,Super Crate Mod,1476,06/24/2020, 15:06:28,516
SCRATEBOX,Super Crate Mod,1476,06/24/2020, 16:05:09,516
SCRATEBOX,Super Crate Mod,1476,06/24/2020, 17:05:41,516
SCRATEBOX,Super Crate Mod,1476,06/24/2020, 18:04:53,516
SCRATEBOX,Super Crate Mod,1476,06/24/2020, 19:04:45,516
SCRATEBOX,Super Crate Mod,1477,06/24/2020, 20:05:14,516
SCRATEBOX,Super Crate Mod,1477,06/24/2020, 21:06:44,516
SCRATEBOX,Super Crate Mod,1477,06/24/2020, 22:04:52,516
SCRATEBOX,Super Crate Mod,1477,06/24/2020, 23:04:55,516
SCRATEBOX,Super Crate Mod,1478,06/25/2020, 00:13:08,516
SCRATEBOX,Super Crate Mod,1478,06/25/2020, 01:05:36,516
SCRATEBOX,Super Crate Mod,1478,06/25/2020, 02:06:05,516
SCRATEBOX,Super Crate Mod,1478,06/25/2020, 03:04:48,516
SCRATEBOX,Super Crate Mod,1479,06/25/2020, 04:07:10,516
SCRATEBOX,Super Crate Mod,1479,06/25/2020, 05:05:45,516
SCRATEBOX,Super Crate Mod,1479,06/25/2020, 06:13:28,516
SCRATEBOX,Super Crate Mod,1479,06/25/2020, 07:05:45,516
SCRATEBOX,Super Crate Mod,1479,06/25/2020, 08:05:40,516
SCRATEBOX,Super Crate Mod,1479,06/25/2020, 09:05:13,516
SCRATEBOX,Super Crate Mod,1479,06/25/2020, 10:04:59,516
SCRATEBOX,Super Crate Mod,1479,06/25/2020, 11:04:54,516
SCRATEBOX,Super Crate Mod,1479,06/25/2020, 12:06:33,516
SCRATEBOX,Super Crate Mod,1479,06/25/2020, 13:04:48,516
SCRATEBOX,Super Crate Mod,1479,06/25/2020, 14:04:58,516
SCRATEBOX,Super Crate Mod,1480,06/25/2020, 15:04:55,516
SCRATEBOX,Super Crate Mod,1480,06/25/2020, 16:05:03,516
SCRATEBOX,Super Crate Mod,1480,06/25/2020, 17:05:41,516
SCRATEBOX,Super Crate Mod,1480,06/25/2020, 18:07:17,516
SCRATEBOX,Super Crate Mod,1480,06/25/2020, 19:04:48,516
SCRATEBOX,Super Crate Mod,1480,06/25/2020, 20:06:34,516
SCRATEBOX,Super Crate Mod,1480,06/25/2020, 21:04:48,516
SCRATEBOX,Super Crate Mod,1480,06/25/2020, 22:06:40,516
SCRATEBOX,Super Crate Mod,1480,06/25/2020, 23:04:37,516
SCRATEBOX,Super Crate Mod,1480,06/26/2020, 00:13:15,516
SCRATEBOX,Super Crate Mod,1480,06/26/2020, 01:05:22,516
SCRATEBOX,Super Crate Mod,1480,06/26/2020, 02:05:42,516
SCRATEBOX,Super Crate Mod,1480,06/26/2020, 03:05:08,516
SCRATEBOX,Super Crate Mod,1480,06/26/2020, 04:05:16,516
SCRATEBOX,Super Crate Mod,1480,06/26/2020, 05:05:03,516
SCRATEBOX,Super Crate Mod,1480,06/26/2020, 06:06:20,516
SCRATEBOX,Super Crate Mod,1480,06/26/2020, 07:04:51,516
SCRATEBOX,Super Crate Mod,1480,06/26/2020, 08:05:48,516
SCRATEBOX,Super Crate Mod,1480,06/26/2020, 09:05:07,516
SCRATEBOX,Super Crate Mod,1480,06/26/2020, 10:04:59,516
SCRATEBOX,Super Crate Mod,1481,06/26/2020, 11:04:49,516
SCRATEBOX,Super Crate Mod,1481,06/26/2020, 12:06:56,516
SCRATEBOX,Super Crate Mod,1481,06/26/2020, 13:05:06,516
SCRATEBOX,Super Crate Mod,1482,06/26/2020, 14:04:54,516
SCRATEBOX,Super Crate Mod,1482,06/26/2020, 15:04:49,516
SCRATEBOX,Super Crate Mod,1482,06/26/2020, 16:05:04,516
SCRATEBOX,Super Crate Mod,1482,06/26/2020, 17:05:23,516
SCRATEBOX,Super Crate Mod,1482,06/26/2020, 18:05:21,516
SCRATEBOX,Super Crate Mod,1482,06/26/2020, 19:04:42,516
SCRATEBOX,Super Crate Mod,1483,06/26/2020, 20:05:47,516
SCRATEBOX,Super Crate Mod,1484,06/26/2020, 21:04:56,516
SCRATEBOX,Super Crate Mod,1484,06/26/2020, 22:04:48,516
SCRATEBOX,Super Crate Mod,1485,06/26/2020, 23:04:38,516
SCRATEBOX,Super Crate Mod,1485,06/27/2020, 00:13:15,516
SCRATEBOX,Super Crate Mod,1485,06/27/2020, 01:05:35,516
SCRATEBOX,Super Crate Mod,1485,06/27/2020, 02:07:18,516
SCRATEBOX,Super Crate Mod,1485,06/27/2020, 03:04:48,516
SCRATEBOX,Super Crate Mod,1485,06/27/2020, 04:07:48,516
SCRATEBOX,Super Crate Mod,1485,06/27/2020, 05:08:45,516
SCRATEBOX,Super Crate Mod,1485,06/27/2020, 06:05:58,516
SCRATEBOX,Super Crate Mod,1485,06/27/2020, 07:07:04,516
SCRATEBOX,Super Crate Mod,1485,06/27/2020, 08:06:57,516
SCRATEBOX,Super Crate Mod,1485,06/27/2020, 09:07:06,516
SCRATEBOX,Super Crate Mod,1485,06/27/2020, 10:06:55,516
SCRATEBOX,Super Crate Mod,1485,06/27/2020, 11:04:45,516
SCRATEBOX,Super Crate Mod,1485,06/27/2020, 12:06:05,516
SCRATEBOX,Super Crate Mod,1485,06/27/2020, 13:05:10,516
SCRATEBOX,Super Crate Mod,1485,06/27/2020, 14:05:46,516
SCRATEBOX,Super Crate Mod,1485,06/27/2020, 15:04:47,516
SCRATEBOX,Super Crate Mod,1485,06/27/2020, 16:05:12,516
SCRATEBOX,Super Crate Mod,1485,06/27/2020, 17:05:34,516
SCRATEBOX,Super Crate Mod,1485,06/27/2020, 18:05:25,516
SCRATEBOX,Super Crate Mod,1485,06/27/2020, 19:04:56,516
SCRATEBOX,Super Crate Mod,1485,06/27/2020, 20:05:37,516
SCRATEBOX,Super Crate Mod,1485,06/27/2020, 21:05:53,516
SCRATEBOX,Super Crate Mod,1485,06/27/2020, 22:05:04,516
SCRATEBOX,Super Crate Mod,1485,06/27/2020, 23:05:44,516
SCRATEBOX,Super Crate Mod,1485,06/28/2020, 00:14:11,516
SCRATEBOX,Super Crate Mod,1485,06/28/2020, 01:05:24,516
SCRATEBOX,Super Crate Mod,1485,06/28/2020, 02:06:01,516
SCRATEBOX,Super Crate Mod,1485,06/28/2020, 03:05:18,516
SCRATEBOX,Super Crate Mod,1485,06/28/2020, 04:06:18,516
SCRATEBOX,Super Crate Mod,1485,06/28/2020, 05:04:44,516
SCRATEBOX,Super Crate Mod,1485,06/28/2020, 06:06:43,516
SCRATEBOX,Super Crate Mod,1485,06/28/2020, 07:05:12,516
SCRATEBOX,Super Crate Mod,1485,06/28/2020, 08:05:32,516
SCRATEBOX,Super Crate Mod,1485,06/28/2020, 09:05:34,516
SCRATEBOX,Super Crate Mod,1485,06/28/2020, 10:05:06,516
SCRATEBOX,Super Crate Mod,1485,06/28/2020, 11:05:07,516
SCRATEBOX,Super Crate Mod,1486,06/28/2020, 12:06:10,516
SCRATEBOX,Super Crate Mod,1486,06/28/2020, 13:04:55,516
SCRATEBOX,Super Crate Mod,1486,06/28/2020, 14:07:57,516
SCRATEBOX,Super Crate Mod,1486,06/28/2020, 15:10:33,516
SCRATEBOX,Super Crate Mod,1486,06/28/2020, 16:05:02,516
SCRATEBOX,Super Crate Mod,1486,06/28/2020, 17:04:46,516
SCRATEBOX,Super Crate Mod,1486,06/28/2020, 18:05:06,516
SCRATEBOX,Super Crate Mod,1488,06/28/2020, 19:07:04,516
SCRATEBOX,Super Crate Mod,1488,06/28/2020, 20:05:15,516
SCRATEBOX,Super Crate Mod,1489,06/28/2020, 21:08:13,516
SCRATEBOX,Super Crate Mod,1489,06/28/2020, 22:07:08,516
SCRATEBOX,Super Crate Mod,1489,06/28/2020, 23:04:41,516
SCRATEBOX,Super Crate Mod,1489,06/29/2020, 00:13:46,516
SCRATEBOX,Super Crate Mod,1489,06/29/2020, 01:05:18,516
SCRATEBOX,Super Crate Mod,1489,06/29/2020, 02:05:51,516
SCRATEBOX,Super Crate Mod,1489,06/29/2020, 03:05:05,516
SCRATEBOX,Super Crate Mod,1489,06/29/2020, 04:05:13,516
SCRATEBOX,Super Crate Mod,1490,06/29/2020, 05:05:08,516
SCRATEBOX,Super Crate Mod,1490,06/29/2020, 06:05:33,516
SCRATEBOX,Super Crate Mod,1490,06/29/2020, 07:05:16,516
SCRATEBOX,Super Crate Mod,1490,06/29/2020, 08:05:45,516
SCRATEBOX,Super Crate Mod,1490,06/29/2020, 09:06:33,516
SCRATEBOX,Super Crate Mod,1491,06/29/2020, 11:05:30,516
SCRATEBOX,Super Crate Mod,1491,06/29/2020, 12:06:37,516
SCRATEBOX,Super Crate Mod,1491,06/29/2020, 13:04:58,516
SCRATEBOX,Super Crate Mod,1491,06/29/2020, 14:05:21,516
SCRATEBOX,Super Crate Mod,1493,06/29/2020, 15:04:50,516
SCRATEBOX,Super Crate Mod,1493,06/29/2020, 16:09:13,516
SCRATEBOX,Super Crate Mod,1493,06/29/2020, 17:05:23,516
SCRATEBOX,Super Crate Mod,1493,06/29/2020, 18:05:27,516
SCRATEBOX,Super Crate Mod,1493,06/29/2020, 19:04:50,516
SCRATEBOX,Super Crate Mod,1493,06/29/2020, 20:05:41,516
SCRATEBOX,Super Crate Mod,1493,06/29/2020, 21:05:10,516
SCRATEBOX,Super Crate Mod,1494,06/29/2020, 22:04:55,516
SCRATEBOX,Super Crate Mod,1495,06/29/2020, 23:04:56,516
SCRATEBOX,Super Crate Mod,1495,06/30/2020, 00:13:24,516
SCRATEBOX,Super Crate Mod,1495,06/30/2020, 01:05:14,516
SCRATEBOX,Super Crate Mod,1495,06/30/2020, 02:05:48,516
SCRATEBOX,Super Crate Mod,1495,06/30/2020, 03:04:54,516
SCRATEBOX,Super Crate Mod,1495,06/30/2020, 04:05:57,516
SCRATEBOX,Super Crate Mod,1496,06/30/2020, 05:05:05,516
SCRATEBOX,Super Crate Mod,1496,06/30/2020, 06:05:25,516
SCRATEBOX,Super Crate Mod,1496,06/30/2020, 07:05:08,516
SCRATEBOX,Super Crate Mod,1497,06/30/2020, 08:05:56,516
SCRATEBOX,Super Crate Mod,1497,06/30/2020, 09:05:08,516
SCRATEBOX,Super Crate Mod,1497,06/30/2020, 10:05:06,516
SCRATEBOX,Super Crate Mod,1497,06/30/2020, 11:04:51,516
SCRATEBOX,Super Crate Mod,1497,06/30/2020, 12:06:27,516
SCRATEBOX,Super Crate Mod,1497,06/30/2020, 13:04:51,516
SCRATEBOX,Super Crate Mod,1497,06/30/2020, 14:31:49,516
SCRATEBOX,Super Crate Mod,1497,06/30/2020, 15:05:08,516
SCRATEBOX,Super Crate Mod,1497,06/30/2020, 16:05:36,516
SCRATEBOX,Super Crate Mod,1497,06/30/2020, 17:04:50,516
SCRATEBOX,Super Crate Mod,1498,06/30/2020, 18:05:28,516
SCRATEBOX,Super Crate Mod,1498,06/30/2020, 19:04:44,516
SCRATEBOX,Super Crate Mod,1499,06/30/2020, 20:06:49,516
SCRATEBOX,Super Crate Mod,1499,06/30/2020, 21:05:21,516
SCRATEBOX,Super Crate Mod,1499,06/30/2020, 22:05:55,516
SCRATEBOX,Super Crate Mod,1499,06/30/2020, 23:05:36,516
SCRATEBOX,Super Crate Mod,1500,07/01/2020, 00:16:39,516
SCRATEBOX,Super Crate Mod,1500,07/01/2020, 01:06:32,516
SCRATEBOX,Super Crate Mod,1500,07/01/2020, 02:06:28,516
SCRATEBOX,Super Crate Mod,1500,07/01/2020, 03:06:11,516
SCRATEBOX,Super Crate Mod,1500,07/01/2020, 04:06:17,516
SCRATEBOX,Super Crate Mod,1501,07/01/2020, 05:05:51,516
SCRATEBOX,Super Crate Mod,1501,07/01/2020, 06:06:43,516
SCRATEBOX,Super Crate Mod,1501,07/01/2020, 07:07:33,516
SCRATEBOX,Super Crate Mod,1501,07/01/2020, 08:06:39,516
SCRATEBOX,Super Crate Mod,1501,07/01/2020, 09:06:12,516
SCRATEBOX,Super Crate Mod,1501,07/01/2020, 10:06:10,516
SCRATEBOX,Super Crate Mod,1501,07/01/2020, 11:05:30,516
SCRATEBOX,Super Crate Mod,1501,07/01/2020, 12:07:52,516
SCRATEBOX,Super Crate Mod,1502,07/01/2020, 13:04:53,516
SCRATEBOX,Super Crate Mod,1502,07/01/2020, 14:05:37,516
SCRATEBOX,Super Crate Mod,1502,07/01/2020, 15:05:58,516
SCRATEBOX,Super Crate Mod,1502,07/01/2020, 16:06:26,516
SCRATEBOX,Super Crate Mod,1502,07/01/2020, 17:06:02,516
SCRATEBOX,Super Crate Mod,1502,07/01/2020, 18:06:16,516
SCRATEBOX,Super Crate Mod,1502,07/01/2020, 19:05:42,516
SCRATEBOX,Super Crate Mod,1502,07/01/2020, 20:07:12,516
SCRATEBOX,Super Crate Mod,1502,07/01/2020, 21:05:41,516
SCRATEBOX,Super Crate Mod,1502,07/01/2020, 22:05:47,516
SCRATEBOX,Super Crate Mod,1503,07/01/2020, 23:05:40,516
SCRATEBOX,Super Crate Mod,1503,07/02/2020, 00:16:07,516
SCRATEBOX,Super Crate Mod,1503,07/02/2020, 01:07:00,516
SCRATEBOX,Super Crate Mod,1503,07/02/2020, 02:06:30,516
SCRATEBOX,Super Crate Mod,1503,07/02/2020, 03:06:19,516
SCRATEBOX,Super Crate Mod,1503,07/02/2020, 04:07:11,516
SCRATEBOX,Super Crate Mod,1503,07/02/2020, 05:05:56,516
SCRATEBOX,Super Crate Mod,1503,07/02/2020, 06:06:46,516
SCRATEBOX,Super Crate Mod,1503,07/02/2020, 07:05:44,516
SCRATEBOX,Super Crate Mod,1503,07/02/2020, 08:06:39,516
SCRATEBOX,Super Crate Mod,1503,07/02/2020, 09:05:48,516
SCRATEBOX,Super Crate Mod,1503,07/02/2020, 10:06:08,516
SCRATEBOX,Super Crate Mod,1503,07/02/2020, 11:05:35,516
SCRATEBOX,Super Crate Mod,1503,07/02/2020, 12:08:14,516
SCRATEBOX,Super Crate Mod,1503,07/02/2020, 13:06:14,516
SCRATEBOX,Super Crate Mod,1503,07/02/2020, 14:06:33,516
SCRATEBOX,Super Crate Mod,1503,07/02/2020, 15:05:56,516
SCRATEBOX,Super Crate Mod,1503,07/02/2020, 16:06:27,516
SCRATEBOX,Super Crate Mod,1503,07/02/2020, 17:06:10,516
SCRATEBOX,Super Crate Mod,1503,07/02/2020, 18:06:25,516
SCRATEBOX,Super Crate Mod,1503,07/02/2020, 19:05:40,516
SCRATEBOX,Super Crate Mod,1503,07/02/2020, 20:07:08,516
SCRATEBOX,Super Crate Mod,1503,07/02/2020, 21:05:36,516
SCRATEBOX,Super Crate Mod,1505,07/02/2020, 22:05:43,516
SCRATEBOX,Super Crate Mod,1506,07/02/2020, 23:06:05,516
SCRATEBOX,Super Crate Mod,1506,07/03/2020, 00:16:47,516
SCRATEBOX,Super Crate Mod,1506,07/03/2020, 01:06:39,516
SCRATEBOX,Super Crate Mod,1506,07/03/2020, 02:06:38,516
SCRATEBOX,Super Crate Mod,1506,07/03/2020, 03:06:12,516
SCRATEBOX,Super Crate Mod,1507,07/03/2020, 04:06:36,516
SCRATEBOX,Super Crate Mod,1507,07/03/2020, 05:05:27,516
SCRATEBOX,Super Crate Mod,1507,07/03/2020, 06:06:22,516
SCRATEBOX,Super Crate Mod,1507,07/03/2020, 07:05:50,516
SCRATEBOX,Super Crate Mod,1507,07/03/2020, 08:06:44,516
SCRATEBOX,Super Crate Mod,1507,07/03/2020, 09:06:07,516
SCRATEBOX,Super Crate Mod,1507,07/03/2020, 10:06:10,516
SCRATEBOX,Super Crate Mod,1507,07/03/2020, 11:05:22,516
SCRATEBOX,Super Crate Mod,1508,07/03/2020, 12:08:38,516
SCRATEBOX,Super Crate Mod,1508,07/03/2020, 13:05:52,516
SCRATEBOX,Super Crate Mod,1508,07/03/2020, 14:06:37,516
SCRATEBOX,Super Crate Mod,1508,07/03/2020, 15:05:40,516
SCRATEBOX,Super Crate Mod,1508,07/03/2020, 16:06:35,516
SCRATEBOX,Super Crate Mod,1508,07/03/2020, 17:05:42,516
SCRATEBOX,Super Crate Mod,1508,07/03/2020, 18:06:27,516
SCRATEBOX,Super Crate Mod,1509,07/03/2020, 19:05:21,516
SCRATEBOX,Super Crate Mod,1509,07/03/2020, 20:06:54,516
SCRATEBOX,Super Crate Mod,1509,07/03/2020, 21:05:43,516
SCRATEBOX,Super Crate Mod,1509,07/03/2020, 22:06:04,516
SCRATEBOX,Super Crate Mod,1509,07/03/2020, 23:05:33,516
SCRATEBOX,Super Crate Mod,1509,07/04/2020, 00:16:09,516
SCRATEBOX,Super Crate Mod,1509,07/04/2020, 01:06:31,516
SCRATEBOX,Super Crate Mod,1509,07/04/2020, 02:06:28,516
SCRATEBOX,Super Crate Mod,1510,07/04/2020, 03:05:52,516
SCRATEBOX,Super Crate Mod,1510,07/04/2020, 04:06:48,516
SCRATEBOX,Super Crate Mod,1510,07/04/2020, 05:05:43,516
SCRATEBOX,Super Crate Mod,1510,07/04/2020, 06:06:37,516
SCRATEBOX,Super Crate Mod,1510,07/04/2020, 07:06:03,516
SCRATEBOX,Super Crate Mod,1510,07/04/2020, 08:07:09,516
SCRATEBOX,Super Crate Mod,1510,07/04/2020, 09:05:33,516
SCRATEBOX,Super Crate Mod,1510,07/04/2020, 10:06:10,516
SCRATEBOX,Super Crate Mod,1510,07/04/2020, 11:05:43,516
SCRATEBOX,Super Crate Mod,1510,07/04/2020, 12:07:42,516
SCRATEBOX,Super Crate Mod,1510,07/04/2020, 13:06:05,516
SCRATEBOX,Super Crate Mod,1510,07/04/2020, 14:08:00,516
SCRATEBOX,Super Crate Mod,1510,07/04/2020, 15:05:42,516
SCRATEBOX,Super Crate Mod,1510,07/04/2020, 16:06:17,516
SCRATEBOX,Super Crate Mod,1511,07/04/2020, 17:06:33,516
SCRATEBOX,Super Crate Mod,1511,07/04/2020, 18:06:27,516
SCRATEBOX,Super Crate Mod,1511,07/04/2020, 19:05:22,516
SCRATEBOX,Super Crate Mod,1512,07/04/2020, 20:06:44,516
SCRATEBOX,Super Crate Mod,1512,07/04/2020, 21:05:42,516
SCRATEBOX,Super Crate Mod,1512,07/04/2020, 22:06:16,516
SCRATEBOX,Super Crate Mod,1512,07/04/2020, 23:06:10,516
SCRATEBOX,Super Crate Mod,1512,07/05/2020, 00:17:08,516
SCRATEBOX,Super Crate Mod,1512,07/05/2020, 01:06:44,516
SCRATEBOX,Super Crate Mod,1512,07/05/2020, 02:06:28,516
SCRATEBOX,Super Crate Mod,1513,07/05/2020, 03:05:53,516
SCRATEBOX,Super Crate Mod,1513,07/05/2020, 04:06:30,516
SCRATEBOX,Super Crate Mod,1513,07/05/2020, 05:05:38,516
SCRATEBOX,Super Crate Mod,1513,07/05/2020, 06:06:35,516
SCRATEBOX,Super Crate Mod,1513,07/05/2020, 07:06:06,516
SCRATEBOX,Super Crate Mod,1513,07/05/2020, 08:06:26,516
SCRATEBOX,Super Crate Mod,1514,07/05/2020, 09:05:49,516
SCRATEBOX,Super Crate Mod,1514,07/05/2020, 10:06:51,516
SCRATEBOX,Super Crate Mod,1514,07/05/2020, 11:05:40,516
SCRATEBOX,Super Crate Mod,1515,07/05/2020, 12:07:48,516
SCRATEBOX,Super Crate Mod,1515,07/05/2020, 13:07:05,516
SCRATEBOX,Super Crate Mod,1515,07/05/2020, 14:06:21,516
SCRATEBOX,Super Crate Mod,1515,07/05/2020, 15:05:46,516
SCRATEBOX,Super Crate Mod,1515,07/05/2020, 16:06:30,516
SCRATEBOX,Super Crate Mod,1515,07/05/2020, 17:05:44,516
SCRATEBOX,Super Crate Mod,1515,07/05/2020, 18:06:32,516
SCRATEBOX,Super Crate Mod,1515,07/05/2020, 19:05:29,516
SCRATEBOX,Super Crate Mod,1515,07/05/2020, 20:06:50,516
SCRATEBOX,Super Crate Mod,1515,07/05/2020, 21:05:43,516
SCRATEBOX,Super Crate Mod,1515,07/05/2020, 22:06:14,516
SCRATEBOX,Super Crate Mod,1515,07/05/2020, 23:06:02,516
SCRATEBOX,Super Crate Mod,1515,07/06/2020, 00:16:38,516
SCRATEBOX,Super Crate Mod,1515,07/06/2020, 01:06:36,516
SCRATEBOX,Super Crate Mod,1516,07/06/2020, 02:06:39,516
SCRATEBOX,Super Crate Mod,1516,07/06/2020, 03:05:57,516
SCRATEBOX,Super Crate Mod,1516,07/06/2020, 04:06:24,516
SCRATEBOX,Super Crate Mod,1516,07/06/2020, 05:05:41,516
SCRATEBOX,Super Crate Mod,1516,07/06/2020, 06:06:40,516
SCRATEBOX,Super Crate Mod,1516,07/06/2020, 07:06:02,516
SCRATEBOX,Super Crate Mod,1516,07/06/2020, 08:06:56,516
SCRATEBOX,Super Crate Mod,1516,07/06/2020, 09:06:25,516
SCRATEBOX,Super Crate Mod,1516,07/06/2020, 10:06:05,516
SCRATEBOX,Super Crate Mod,1517,07/06/2020, 11:05:35,516
SCRATEBOX,Super Crate Mod,1518,07/06/2020, 12:08:23,516
SCRATEBOX,Super Crate Mod,1518,07/06/2020, 13:05:56,516
SCRATEBOX,Super Crate Mod,1518,07/06/2020, 14:06:30,516
SCRATEBOX,Super Crate Mod,1518,07/06/2020, 15:05:58,516
SCRATEBOX,Super Crate Mod,1518,07/06/2020, 16:06:31,516
SCRATEBOX,Super Crate Mod,1519,07/06/2020, 17:06:00,516
SCRATEBOX,Super Crate Mod,1519,07/06/2020, 18:06:33,516
SCRATEBOX,Super Crate Mod,1519,07/06/2020, 19:05:38,516
SCRATEBOX,Super Crate Mod,1520,07/06/2020, 20:07:03,516
SCRATEBOX,Super Crate Mod,1520,07/06/2020, 21:05:56,516
SCRATEBOX,Super Crate Mod,1520,07/06/2020, 22:05:50,516
SCRATEBOX,Super Crate Mod,1520,07/06/2020, 23:05:47,516
SCRATEBOX,Super Crate Mod,1521,07/07/2020, 00:16:23,516
SCRATEBOX,Super Crate Mod,1521,07/07/2020, 01:06:24,516
SCRATEBOX,Super Crate Mod,1521,07/07/2020, 02:06:20,516
SCRATEBOX,Super Crate Mod,1521,07/07/2020, 03:05:49,516
SCRATEBOX,Super Crate Mod,1521,07/07/2020, 04:06:22,516
SCRATEBOX,Super Crate Mod,1521,07/07/2020, 05:05:42,516
SCRATEBOX,Super Crate Mod,1521,07/07/2020, 06:06:34,516
SCRATEBOX,Super Crate Mod,1521,07/07/2020, 07:06:15,516
SCRATEBOX,Super Crate Mod,1522,07/07/2020, 08:06:30,516
SCRATEBOX,Super Crate Mod,1522,07/07/2020, 09:06:00,516
SCRATEBOX,Super Crate Mod,1522,07/07/2020, 10:06:05,516
SCRATEBOX,Super Crate Mod,1522,07/07/2020, 11:05:31,516
SCRATEBOX,Super Crate Mod,1522,07/07/2020, 12:07:39,516
SCRATEBOX,Super Crate Mod,1522,07/07/2020, 13:06:00,516
SCRATEBOX,Super Crate Mod,1522,07/07/2020, 14:06:51,516
SCRATEBOX,Super Crate Mod,1522,07/07/2020, 15:05:46,516
SCRATEBOX,Super Crate Mod,1522,07/07/2020, 16:06:17,516
SCRATEBOX,Super Crate Mod,1522,07/07/2020, 17:05:53,516
SCRATEBOX,Super Crate Mod,1522,07/07/2020, 18:06:16,516
SCRATEBOX,Super Crate Mod,1522,07/07/2020, 19:05:20,516
SCRATEBOX,Super Crate Mod,1523,07/07/2020, 20:06:51,516
SCRATEBOX,Super Crate Mod,1523,07/07/2020, 21:05:53,516
SCRATEBOX,Super Crate Mod,1523,07/07/2020, 22:05:45,516
SCRATEBOX,Super Crate Mod,1523,07/07/2020, 23:05:55,516
SCRATEBOX,Super Crate Mod,1523,07/08/2020, 00:16:20,516
SCRATEBOX,Super Crate Mod,1524,07/08/2020, 01:06:24,516
SCRATEBOX,Super Crate Mod,1524,07/08/2020, 02:06:25,516
SCRATEBOX,Super Crate Mod,1524,07/08/2020, 03:05:47,516
SCRATEBOX,Super Crate Mod,1524,07/08/2020, 04:06:13,516
SCRATEBOX,Super Crate Mod,1524,07/08/2020, 05:06:03,516
SCRATEBOX,Super Crate Mod,1524,07/08/2020, 06:06:36,516
SCRATEBOX,Super Crate Mod,1524,07/08/2020, 07:06:11,516
SCRATEBOX,Super Crate Mod,1525,07/08/2020, 08:07:03,516
SCRATEBOX,Super Crate Mod,1525,07/08/2020, 09:06:05,516
SCRATEBOX,Super Crate Mod,1525,07/08/2020, 10:06:01,516
SCRATEBOX,Super Crate Mod,1525,07/08/2020, 11:05:30,516
SCRATEBOX,Super Crate Mod,1525,07/08/2020, 12:07:53,516
SCRATEBOX,Super Crate Mod,1526,07/08/2020, 13:05:57,516
SCRATEBOX,Super Crate Mod,1526,07/08/2020, 14:06:30,516
SCRATEBOX,Super Crate Mod,1526,07/08/2020, 15:05:55,516
SCRATEBOX,Super Crate Mod,1526,07/08/2020, 16:06:19,516
SCRATEBOX,Super Crate Mod,1526,07/08/2020, 17:06:02,516
SCRATEBOX,Super Crate Mod,1527,07/08/2020, 18:06:27,516
SCRATEBOX,Super Crate Mod,1528,07/08/2020, 19:05:48,516
SCRATEBOX,Super Crate Mod,1528,07/08/2020, 20:07:16,516
SCRATEBOX,Super Crate Mod,1528,07/08/2020, 21:05:45,516
SCRATEBOX,Super Crate Mod,1529,07/08/2020, 22:05:44,516
SCRATEBOX,Super Crate Mod,1529,07/08/2020, 23:06:04,516
SCRATEBOX,Super Crate Mod,1530,07/09/2020, 00:16:42,516
SCRATEBOX,Super Crate Mod,1530,07/09/2020, 01:06:17,516
SCRATEBOX,Super Crate Mod,1530,07/09/2020, 02:06:41,516
SCRATEBOX,Super Crate Mod,1530,07/09/2020, 03:06:10,516
SCRATEBOX,Super Crate Mod,1530,07/09/2020, 04:06:45,516
SCRATEBOX,Super Crate Mod,1530,07/09/2020, 05:05:57,516
SCRATEBOX,Super Crate Mod,1530,07/09/2020, 06:06:28,516
SCRATEBOX,Super Crate Mod,1530,07/09/2020, 07:05:57,516
SCRATEBOX,Super Crate Mod,1530,07/09/2020, 08:06:18,516
SCRATEBOX,Super Crate Mod,1530,07/09/2020, 09:05:43,516
SCRATEBOX,Super Crate Mod,1530,07/09/2020, 10:06:05,516
SCRATEBOX,Super Crate Mod,1530,07/09/2020, 11:05:36,516
SCRATEBOX,Super Crate Mod,1530,07/09/2020, 12:08:03,516
SCRATEBOX,Super Crate Mod,1530,07/09/2020, 13:06:02,516
SCRATEBOX,Super Crate Mod,1530,07/09/2020, 14:06:52,516
SCRATEBOX,Super Crate Mod,1530,07/09/2020, 15:06:10,516
SCRATEBOX,Super Crate Mod,1530,07/09/2020, 16:06:21,516
SCRATEBOX,Super Crate Mod,1530,07/09/2020, 17:06:12,516
SCRATEBOX,Super Crate Mod,1530,07/09/2020, 18:06:43,516
SCRATEBOX,Super Crate Mod,1530,07/09/2020, 19:05:44,516
SCRATEBOX,Super Crate Mod,1530,07/09/2020, 20:06:59,516
SCRATEBOX,Super Crate Mod,1530,07/09/2020, 21:06:05,516
SCRATEBOX,Super Crate Mod,1530,07/09/2020, 22:06:06,516
SCRATEBOX,Super Crate Mod,1530,07/09/2020, 23:05:51,516
SCRATEBOX,Super Crate Mod,1531,07/10/2020, 00:16:56,516
SCRATEBOX,Super Crate Mod,1531,07/10/2020, 01:06:56,516
SCRATEBOX,Super Crate Mod,1531,07/10/2020, 02:06:51,516
SCRATEBOX,Super Crate Mod,1531,07/10/2020, 03:06:16,516
SCRATEBOX,Super Crate Mod,1531,07/10/2020, 04:06:43,516
SCRATEBOX,Super Crate Mod,1531,07/10/2020, 05:05:43,516
SCRATEBOX,Super Crate Mod,1531,07/10/2020, 06:06:35,516
SCRATEBOX,Super Crate Mod,1531,07/10/2020, 07:06:22,516
SCRATEBOX,Super Crate Mod,1531,07/10/2020, 08:07:09,516
SCRATEBOX,Super Crate Mod,1531,07/10/2020, 09:06:34,516
SCRATEBOX,Super Crate Mod,1531,07/10/2020, 10:05:57,516
SCRATEBOX,Super Crate Mod,1531,07/10/2020, 11:05:54,516
SCRATEBOX,Super Crate Mod,1531,07/10/2020, 12:08:53,516
SCRATEBOX,Super Crate Mod,1531,07/10/2020, 13:05:56,516
SCRATEBOX,Super Crate Mod,1531,07/10/2020, 14:06:49,516
SCRATEBOX,Super Crate Mod,1531,07/10/2020, 15:06:01,516
SCRATEBOX,Super Crate Mod,1531,07/10/2020, 16:06:24,516
SCRATEBOX,Super Crate Mod,1531,07/10/2020, 17:05:48,516
SCRATEBOX,Super Crate Mod,1531,07/10/2020, 18:06:45,516
SCRATEBOX,Super Crate Mod,1531,07/10/2020, 19:05:45,516
SCRATEBOX,Super Crate Mod,1531,07/10/2020, 20:07:06,516
SCRATEBOX,Super Crate Mod,1531,07/10/2020, 21:05:58,516
SCRATEBOX,Super Crate Mod,1532,07/10/2020, 22:05:54,516
SCRATEBOX,Super Crate Mod,1532,07/10/2020, 23:06:09,516
SCRATEBOX,Super Crate Mod,1532,07/11/2020, 00:16:59,516
SCRATEBOX,Super Crate Mod,1533,07/11/2020, 01:06:40,516
SCRATEBOX,Super Crate Mod,1533,07/11/2020, 02:06:46,516
SCRATEBOX,Super Crate Mod,1533,07/11/2020, 03:06:08,516
SCRATEBOX,Super Crate Mod,1533,07/11/2020, 04:06:31,516
SCRATEBOX,Super Crate Mod,1533,07/11/2020, 05:05:35,516
SCRATEBOX,Super Crate Mod,1534,07/11/2020, 06:06:58,516
SCRATEBOX,Super Crate Mod,1535,07/11/2020, 07:06:31,516
SCRATEBOX,Super Crate Mod,1535,07/11/2020, 08:06:47,516
SCRATEBOX,Super Crate Mod,1535,07/11/2020, 09:06:06,516
SCRATEBOX,Super Crate Mod,1535,07/11/2020, 10:06:17,516
SCRATEBOX,Super Crate Mod,1536,07/11/2020, 11:05:57,516
SCRATEBOX,Super Crate Mod,1536,07/11/2020, 12:07:58,516
SCRATEBOX,Super Crate Mod,1536,07/11/2020, 13:06:21,516
SCRATEBOX,Super Crate Mod,1536,07/11/2020, 14:06:58,516
SCRATEBOX,Super Crate Mod,1536,07/11/2020, 15:05:43,516
SCRATEBOX,Super Crate Mod,1536,07/11/2020, 16:06:35,516
SCRATEBOX,Super Crate Mod,1536,07/11/2020, 17:05:52,516
SCRATEBOX,Super Crate Mod,1536,07/11/2020, 18:06:29,516
SCRATEBOX,Super Crate Mod,1536,07/11/2020, 19:06:06,516
SCRATEBOX,Super Crate Mod,1536,07/11/2020, 20:07:25,516
SCRATEBOX,Super Crate Mod,1537,07/11/2020, 21:06:09,516
SCRATEBOX,Super Crate Mod,1537,07/11/2020, 22:06:06,516
SCRATEBOX,Super Crate Mod,1537,07/11/2020, 23:06:03,516
SCRATEBOX,Super Crate Mod,1537,07/12/2020, 00:17:48,516
SCRATEBOX,Super Crate Mod,1537,07/12/2020, 01:06:34,516
SCRATEBOX,Super Crate Mod,1537,07/12/2020, 02:06:35,516
SCRATEBOX,Super Crate Mod,1538,07/12/2020, 03:06:36,516
SCRATEBOX,Super Crate Mod,1538,07/12/2020, 04:06:49,516
SCRATEBOX,Super Crate Mod,1538,07/12/2020, 05:05:52,516
SCRATEBOX,Super Crate Mod,1538,07/12/2020, 06:06:57,516
SCRATEBOX,Super Crate Mod,1538,07/12/2020, 07:06:07,516
SCRATEBOX,Super Crate Mod,1538,07/12/2020, 08:06:29,516
SCRATEBOX,Super Crate Mod,1539,07/12/2020, 09:05:59,516
SCRATEBOX,Super Crate Mod,1539,07/12/2020, 10:06:20,516
SCRATEBOX,Super Crate Mod,1540,07/12/2020, 11:05:42,516
SCRATEBOX,Super Crate Mod,1540,07/12/2020, 12:08:14,516
SCRATEBOX,Super Crate Mod,1540,07/12/2020, 13:06:01,516
SCRATEBOX,Super Crate Mod,1540,07/12/2020, 14:06:41,516
SCRATEBOX,Super Crate Mod,1540,07/12/2020, 15:06:03,516
SCRATEBOX,Super Crate Mod,1540,07/12/2020, 16:06:18,516
SCRATEBOX,Super Crate Mod,1540,07/12/2020, 17:06:03,516
SCRATEBOX,Super Crate Mod,1540,07/12/2020, 18:06:52,516
SCRATEBOX,Super Crate Mod,1540,07/12/2020, 19:05:41,516
SCRATEBOX,Super Crate Mod,1540,07/12/2020, 20:07:04,516
SCRATEBOX,Super Crate Mod,1540,07/12/2020, 21:06:00,516
SCRATEBOX,Super Crate Mod,1542,07/12/2020, 22:06:01,516
SCRATEBOX,Super Crate Mod,1542,07/12/2020, 23:06:13,516
SCRATEBOX,Super Crate Mod,1542,07/13/2020, 00:17:20,516
SCRATEBOX,Super Crate Mod,1542,07/13/2020, 01:06:52,516
SCRATEBOX,Super Crate Mod,1542,07/13/2020, 02:06:53,516
SCRATEBOX,Super Crate Mod,1542,07/13/2020, 03:06:51,516
SCRATEBOX,Super Crate Mod,1542,07/13/2020, 04:06:55,516
SCRATEBOX,Super Crate Mod,1542,07/13/2020, 05:08:11,516
SCRATEBOX,Super Crate Mod,1542,07/13/2020, 07:07:36,516
SCRATEBOX,Super Crate Mod,1543,07/13/2020, 09:06:24,516
SCRATEBOX,Super Crate Mod,1543,07/13/2020, 10:06:21,516
SCRATEBOX,Super Crate Mod,1543,07/13/2020, 11:05:53,516
SCRATEBOX,Super Crate Mod,1543,07/13/2020, 12:08:01,516
SCRATEBOX,Super Crate Mod,1543,07/13/2020, 13:06:08,516
SCRATEBOX,Super Crate Mod,1543,07/13/2020, 14:07:06,516
SCRATEBOX,Super Crate Mod,1543,07/13/2020, 15:06:07,516
SCRATEBOX,Super Crate Mod,1543,07/13/2020, 16:06:22,516
SCRATEBOX,Super Crate Mod,1543,07/13/2020, 17:05:48,516
SCRATEBOX,Super Crate Mod,1543,07/13/2020, 18:06:49,516
SCRATEBOX,Super Crate Mod,1543,07/13/2020, 19:05:44,516
SCRATEBOX,Super Crate Mod,1543,07/13/2020, 20:07:14,516
SCRATEBOX,Super Crate Mod,1543,07/13/2020, 21:06:08,516
SCRATEBOX,Super Crate Mod,1543,07/13/2020, 22:06:06,516
SCRATEBOX,Super Crate Mod,1543,07/13/2020, 23:05:58,516
SCRATEBOX,Super Crate Mod,1543,07/14/2020, 00:17:08,516
SCRATEBOX,Super Crate Mod,1543,07/14/2020, 01:06:36,516
SCRATEBOX,Super Crate Mod,1543,07/14/2020, 02:07:10,516
SCRATEBOX,Super Crate Mod,1543,07/14/2020, 03:06:29,516
SCRATEBOX,Super Crate Mod,1543,07/14/2020, 04:06:26,516
SCRATEBOX,Super Crate Mod,1543,07/14/2020, 05:06:05,516
SCRATEBOX,Super Crate Mod,1544,07/14/2020, 06:06:55,516
SCRATEBOX,Super Crate Mod,1544,07/14/2020, 07:06:18,516
SCRATEBOX,Super Crate Mod,1544,07/14/2020, 08:06:49,516
SCRATEBOX,Super Crate Mod,1544,07/14/2020, 09:06:25,516
SCRATEBOX,Super Crate Mod,1544,07/14/2020, 10:06:12,516
SCRATEBOX,Super Crate Mod,1544,07/14/2020, 11:05:55,516
SCRATEBOX,Super Crate Mod,1544,07/14/2020, 12:08:53,516
SCRATEBOX,Super Crate Mod,1544,07/14/2020, 13:07:00,516
SCRATEBOX,Super Crate Mod,1544,07/14/2020, 14:35:45,516
SCRATEBOX,Super Crate Mod,1544,07/14/2020, 15:06:15,516
SCRATEBOX,Super Crate Mod,1544,07/14/2020, 16:06:26,516
SCRATEBOX,Super Crate Mod,1544,07/14/2020, 17:05:59,516
SCRATEBOX,Super Crate Mod,1544,07/14/2020, 18:06:45,516
SCRATEBOX,Super Crate Mod,1544,07/14/2020, 19:06:06,516
SCRATEBOX,Super Crate Mod,1544,07/14/2020, 20:06:57,516
SCRATEBOX,Super Crate Mod,1544,07/14/2020, 21:05:19,516
SCRATEBOX,Super Crate Mod,1546,07/14/2020, 22:06:00,516
SCRATEBOX,Super Crate Mod,1546,07/14/2020, 23:06:16,516
SCRATEBOX,Super Crate Mod,1546,07/15/2020, 00:17:28,516
SCRATEBOX,Super Crate Mod,1546,07/15/2020, 01:06:56,516
SCRATEBOX,Super Crate Mod,1546,07/15/2020, 02:06:53,516
SCRATEBOX,Super Crate Mod,1547,07/15/2020, 03:06:31,516
SCRATEBOX,Super Crate Mod,1547,07/15/2020, 04:06:27,516
SCRATEBOX,Super Crate Mod,1547,07/15/2020, 05:05:48,516
SCRATEBOX,Super Crate Mod,1547,07/15/2020, 06:07:18,516
SCRATEBOX,Super Crate Mod,1547,07/15/2020, 07:06:51,516
SCRATEBOX,Super Crate Mod,1547,07/15/2020, 08:06:48,516
SCRATEBOX,Super Crate Mod,1547,07/15/2020, 09:06:36,516
SCRATEBOX,Super Crate Mod,1547,07/15/2020, 10:06:10,516
SCRATEBOX,Super Crate Mod,1547,07/15/2020, 11:06:01,516
SCRATEBOX,Super Crate Mod,1547,07/15/2020, 12:08:00,516
SCRATEBOX,Super Crate Mod,1547,07/15/2020, 13:05:58,516
SCRATEBOX,Super Crate Mod,1547,07/15/2020, 14:06:45,516
SCRATEBOX,Super Crate Mod,1547,07/15/2020, 15:06:20,516
SCRATEBOX,Super Crate Mod,1547,07/15/2020, 16:06:26,516
SCRATEBOX,Super Crate Mod,1547,07/15/2020, 17:05:54,516
SCRATEBOX,Super Crate Mod,1547,07/15/2020, 18:06:26,516
SCRATEBOX,Super Crate Mod,1547,07/15/2020, 19:05:07,516
SCRATEBOX,Super Crate Mod,1547,07/15/2020, 20:06:08,516
SCRATEBOX,Super Crate Mod,1547,07/15/2020, 21:05:54,516
SCRATEBOX,Super Crate Mod,1548,07/15/2020, 22:06:06,516
SCRATEBOX,Super Crate Mod,1549,07/15/2020, 23:06:06,516
SCRATEBOX,Super Crate Mod,1549,07/16/2020, 00:17:04,516
SCRATEBOX,Super Crate Mod,1549,07/16/2020, 01:06:37,516
SCRATEBOX,Super Crate Mod,1549,07/16/2020, 02:07:03,516
SCRATEBOX,Super Crate Mod,1549,07/16/2020, 03:06:32,516
SCRATEBOX,Super Crate Mod,1549,07/16/2020, 04:06:47,516
SCRATEBOX,Super Crate Mod,1549,07/16/2020, 05:05:58,516
SCRATEBOX,Super Crate Mod,1549,07/16/2020, 06:06:27,516
SCRATEBOX,Super Crate Mod,1550,07/16/2020, 07:06:21,516
SCRATEBOX,Super Crate Mod,1550,07/16/2020, 08:06:20,516
SCRATEBOX,Super Crate Mod,1550,07/16/2020, 09:06:39,516
SCRATEBOX,Super Crate Mod,1550,07/16/2020, 10:06:16,516
SCRATEBOX,Super Crate Mod,1550,07/16/2020, 11:05:47,516
SCRATEBOX,Super Crate Mod,1550,07/16/2020, 12:08:24,516
SCRATEBOX,Super Crate Mod,1550,07/16/2020, 13:06:13,516
SCRATEBOX,Super Crate Mod,1550,07/16/2020, 14:06:45,516
SCRATEBOX,Super Crate Mod,1551,07/16/2020, 15:06:23,516
SCRATEBOX,Super Crate Mod,1551,07/16/2020, 16:06:43,516
SCRATEBOX,Super Crate Mod,1551,07/16/2020, 17:06:29,516
SCRATEBOX,Super Crate Mod,1551,07/16/2020, 18:06:41,516
SCRATEBOX,Super Crate Mod,1552,07/16/2020, 19:05:54,516
SCRATEBOX,Super Crate Mod,1553,07/16/2020, 20:06:51,516
SCRATEBOX,Super Crate Mod,1553,07/16/2020, 21:06:14,516
SCRATEBOX,Super Crate Mod,1554,07/16/2020, 22:05:59,516
SCRATEBOX,Super Crate Mod,1554,07/16/2020, 23:07:00,516
SCRATEBOX,Super Crate Mod,1554,07/17/2020, 00:17:10,516
SCRATEBOX,Super Crate Mod,1554,07/17/2020, 01:07:04,516
SCRATEBOX,Super Crate Mod,1554,07/17/2020, 02:07:15,516
SCRATEBOX,Super Crate Mod,1554,07/17/2020, 03:06:36,516
SCRATEBOX,Super Crate Mod,1554,07/17/2020, 04:07:07,516
SCRATEBOX,Super Crate Mod,1554,07/17/2020, 05:05:59,516
SCRATEBOX,Super Crate Mod,1554,07/17/2020, 06:06:56,516
SCRATEBOX,Super Crate Mod,1554,07/17/2020, 07:06:23,516
SCRATEBOX,Super Crate Mod,1554,07/17/2020, 08:06:51,516
SCRATEBOX,Super Crate Mod,1554,07/17/2020, 09:06:22,516
SCRATEBOX,Super Crate Mod,1554,07/17/2020, 10:06:17,516
SCRATEBOX,Super Crate Mod,1554,07/17/2020, 11:05:50,516
SCRATEBOX,Super Crate Mod,1554,07/17/2020, 12:08:47,516
SCRATEBOX,Super Crate Mod,1554,07/17/2020, 13:06:07,516
SCRATEBOX,Super Crate Mod,1554,07/17/2020, 14:06:33,516
SCRATEBOX,Super Crate Mod,1554,07/17/2020, 15:05:59,516
SCRATEBOX,Super Crate Mod,1556,07/17/2020, 16:07:05,516
SCRATEBOX,Super Crate Mod,1557,07/17/2020, 17:05:49,516
SCRATEBOX,Super Crate Mod,1557,07/17/2020, 18:06:29,516
SCRATEBOX,Super Crate Mod,1557,07/17/2020, 19:06:05,516
SCRATEBOX,Super Crate Mod,1557,07/17/2020, 20:07:08,516
SCRATEBOX,Super Crate Mod,1557,07/17/2020, 21:05:32,516
SCRATEBOX,Super Crate Mod,1557,07/17/2020, 22:06:06,516
SCRATEBOX,Super Crate Mod,1557,07/17/2020, 23:06:04,516
SCRATEBOX,Super Crate Mod,1557,07/18/2020, 00:17:27,516
SCRATEBOX,Super Crate Mod,1557,07/18/2020, 01:06:51,516
SCRATEBOX,Super Crate Mod,1557,07/18/2020, 02:07:04,516
SCRATEBOX,Super Crate Mod,1557,07/18/2020, 03:06:33,516
SCRATEBOX,Super Crate Mod,1557,07/18/2020, 04:06:33,516
SCRATEBOX,Super Crate Mod,1557,07/18/2020, 05:05:58,516
SCRATEBOX,Super Crate Mod,1557,07/18/2020, 06:06:44,516
SCRATEBOX,Super Crate Mod,1557,07/18/2020, 07:06:28,516
SCRATEBOX,Super Crate Mod,1557,07/18/2020, 09:06:13,516
SCRATEBOX,Super Crate Mod,1557,07/18/2020, 10:06:10,516
SCRATEBOX,Super Crate Mod,1557,07/18/2020, 11:06:06,516
SCRATEBOX,Super Crate Mod,1557,07/18/2020, 12:08:03,516
SCRATEBOX,Super Crate Mod,1557,07/18/2020, 13:05:55,516
SCRATEBOX,Super Crate Mod,1557,07/18/2020, 14:06:26,516
SCRATEBOX,Super Crate Mod,1558,07/18/2020, 15:05:56,516
SCRATEBOX,Super Crate Mod,1558,07/18/2020, 16:06:18,516
SCRATEBOX,Super Crate Mod,1558,07/18/2020, 17:05:38,516
SCRATEBOX,Super Crate Mod,1558,07/18/2020, 18:06:52,516
SCRATEBOX,Super Crate Mod,1558,07/18/2020, 19:05:35,516
SCRATEBOX,Super Crate Mod,1558,07/18/2020, 20:07:09,516
SCRATEBOX,Super Crate Mod,1558,07/18/2020, 21:06:25,516
SCRATEBOX,Super Crate Mod,1558,07/18/2020, 22:05:52,516
SCRATEBOX,Super Crate Mod,1558,07/18/2020, 23:05:42,516
SCRATEBOX,Super Crate Mod,1561,07/19/2020, 00:18:09,516
SCRATEBOX,Super Crate Mod,1561,07/19/2020, 01:06:52,516
SCRATEBOX,Super Crate Mod,1561,07/19/2020, 02:07:01,516
SCRATEBOX,Super Crate Mod,1561,07/19/2020, 03:06:18,516
SCRATEBOX,Super Crate Mod,1561,07/19/2020, 04:06:49,516
SCRATEBOX,Super Crate Mod,1562,07/19/2020, 05:06:16,516
SCRATEBOX,Super Crate Mod,1562,07/19/2020, 06:07:15,516
SCRATEBOX,Super Crate Mod,1562,07/19/2020, 07:06:40,516
SCRATEBOX,Super Crate Mod,1562,07/19/2020, 08:06:25,516
SCRATEBOX,Super Crate Mod,1562,07/19/2020, 09:06:30,516
SCRATEBOX,Super Crate Mod,1562,07/19/2020, 10:06:17,516
SCRATEBOX,Super Crate Mod,1562,07/19/2020, 11:05:48,516
SCRATEBOX,Super Crate Mod,1562,07/19/2020, 12:08:21,516
SCRATEBOX,Super Crate Mod,1562,07/19/2020, 13:06:07,516
SCRATEBOX,Super Crate Mod,1562,07/19/2020, 14:07:05,516
SCRATEBOX,Super Crate Mod,1562,07/19/2020, 15:05:56,516
SCRATEBOX,Super Crate Mod,1562,07/19/2020, 16:06:37,516
SCRATEBOX,Super Crate Mod,1562,07/19/2020, 17:05:47,516
SCRATEBOX,Super Crate Mod,1562,07/19/2020, 18:06:22,516
SCRATEBOX,Super Crate Mod,1562,07/19/2020, 19:05:44,516
SCRATEBOX,Super Crate Mod,1562,07/19/2020, 20:07:17,516
SCRATEBOX,Super Crate Mod,1563,07/19/2020, 21:06:37,516
SCRATEBOX,Super Crate Mod,1563,07/19/2020, 22:06:02,516
SCRATEBOX,Super Crate Mod,1563,07/19/2020, 23:06:01,516
SCRATEBOX,Super Crate Mod,1563,07/20/2020, 00:17:39,516
SCRATEBOX,Super Crate Mod,1563,07/20/2020, 01:07:01,516
SCRATEBOX,Super Crate Mod,1563,07/20/2020, 02:07:10,516
SCRATEBOX,Super Crate Mod,1563,07/20/2020, 03:06:44,516
SCRATEBOX,Super Crate Mod,1563,07/20/2020, 04:07:21,516
SCRATEBOX,Super Crate Mod,1563,07/20/2020, 05:06:17,516
SCRATEBOX,Super Crate Mod,1563,07/20/2020, 06:06:48,516
SCRATEBOX,Super Crate Mod,1564,07/20/2020, 07:06:41,516
SCRATEBOX,Super Crate Mod,1564,07/20/2020, 08:07:27,516
SCRATEBOX,Super Crate Mod,1564,07/20/2020, 09:06:40,516
SCRATEBOX,Super Crate Mod,1565,07/20/2020, 10:06:55,516
SCRATEBOX,Super Crate Mod,1565,07/20/2020, 11:05:53,516
SCRATEBOX,Super Crate Mod,1565,07/20/2020, 12:08:03,516
SCRATEBOX,Super Crate Mod,1565,07/20/2020, 13:05:56,516
SCRATEBOX,Super Crate Mod,1565,07/20/2020, 14:07:02,516
SCRATEBOX,Super Crate Mod,1565,07/20/2020, 15:06:33,516
SCRATEBOX,Super Crate Mod,1565,07/20/2020, 16:06:33,516
SCRATEBOX,Super Crate Mod,1565,07/20/2020, 17:05:56,516
SCRATEBOX,Super Crate Mod,1565,07/20/2020, 18:06:36,516
SCRATEBOX,Super Crate Mod,1565,07/20/2020, 19:06:08,516
SCRATEBOX,Super Crate Mod,1565,07/20/2020, 20:07:27,516
SCRATEBOX,Super Crate Mod,1565,07/20/2020, 21:06:26,516
SCRATEBOX,Super Crate Mod,1565,07/20/2020, 22:05:59,516
SCRATEBOX,Super Crate Mod,1565,07/20/2020, 23:05:52,516
SCRATEBOX,Super Crate Mod,1565,07/21/2020, 00:17:41,516
SCRATEBOX,Super Crate Mod,1565,07/21/2020, 01:07:19,516
SCRATEBOX,Super Crate Mod,1565,07/21/2020, 02:07:34,516
SCRATEBOX,Super Crate Mod,1565,07/21/2020, 03:06:35,516
SCRATEBOX,Super Crate Mod,1565,07/21/2020, 04:06:59,516
SCRATEBOX,Super Crate Mod,1565,07/21/2020, 05:06:29,516
SCRATEBOX,Super Crate Mod,1565,07/21/2020, 06:07:06,516
SCRATEBOX,Super Crate Mod,1566,07/21/2020, 07:06:45,516
SCRATEBOX,Super Crate Mod,1566,07/21/2020, 08:06:58,516
SCRATEBOX,Super Crate Mod,1566,07/21/2020, 09:06:31,516
SCRATEBOX,Super Crate Mod,1566,07/21/2020, 10:06:29,516
SCRATEBOX,Super Crate Mod,1567,07/21/2020, 11:06:30,516
SCRATEBOX,Super Crate Mod,1567,07/21/2020, 12:08:24,516
SCRATEBOX,Super Crate Mod,1567,07/21/2020, 13:05:51,516
SCRATEBOX,Super Crate Mod,1567,07/21/2020, 14:06:56,516
SCRATEBOX,Super Crate Mod,1567,07/21/2020, 15:06:31,516
SCRATEBOX,Super Crate Mod,1568,07/21/2020, 16:06:31,516
SCRATEBOX,Super Crate Mod,1569,07/21/2020, 17:06:18,516
SCRATEBOX,Super Crate Mod,1570,07/21/2020, 18:06:48,516
SCRATEBOX,Super Crate Mod,1570,07/21/2020, 19:06:10,516
SCRATEBOX,Super Crate Mod,1570,07/21/2020, 20:07:01,516
SCRATEBOX,Super Crate Mod,1570,07/21/2020, 21:06:18,516
SCRATEBOX,Super Crate Mod,1570,07/21/2020, 22:06:25,516
SCRATEBOX,Super Crate Mod,1570,07/21/2020, 23:05:48,516
SCRATEBOX,Super Crate Mod,1570,07/22/2020, 00:17:33,516
SCRATEBOX,Super Crate Mod,1570,07/22/2020, 01:07:02,516
SCRATEBOX,Super Crate Mod,1571,07/22/2020, 02:07:22,516
SCRATEBOX,Super Crate Mod,1571,07/22/2020, 03:06:30,516
SCRATEBOX,Super Crate Mod,1571,07/22/2020, 04:07:00,516
SCRATEBOX,Super Crate Mod,1571,07/22/2020, 05:06:20,516
SCRATEBOX,Super Crate Mod,1571,07/22/2020, 06:06:59,516
SCRATEBOX,Super Crate Mod,1572,07/22/2020, 07:06:49,516
SCRATEBOX,Super Crate Mod,1572,07/22/2020, 08:07:29,516
SCRATEBOX,Super Crate Mod,1572,07/22/2020, 09:06:24,516
SCRATEBOX,Super Crate Mod,1572,07/22/2020, 10:06:34,516
SCRATEBOX,Super Crate Mod,1572,07/22/2020, 11:05:54,516
SCRATEBOX,Super Crate Mod,1572,07/22/2020, 12:08:06,516
SCRATEBOX,Super Crate Mod,1572,07/22/2020, 13:05:59,516
SCRATEBOX,Super Crate Mod,1572,07/22/2020, 14:07:14,516
SCRATEBOX,Super Crate Mod,1572,07/22/2020, 15:06:24,516
SCRATEBOX,Super Crate Mod,1572,07/22/2020, 16:06:47,516
SCRATEBOX,Super Crate Mod,1573,07/22/2020, 17:06:10,516
SCRATEBOX,Super Crate Mod,1573,07/22/2020, 18:07:04,516
SCRATEBOX,Super Crate Mod,1573,07/22/2020, 19:06:08,516
SCRATEBOX,Super Crate Mod,1573,07/22/2020, 20:07:25,516
SCRATEBOX,Super Crate Mod,1573,07/22/2020, 21:06:34,516
SCRATEBOX,Super Crate Mod,1573,07/22/2020, 22:06:28,516
SCRATEBOX,Super Crate Mod,1573,07/22/2020, 23:06:06,516
SCRATEBOX,Super Crate Mod,1573,07/23/2020, 00:17:38,516
SCRATEBOX,Super Crate Mod,1573,07/23/2020, 01:06:44,516
SCRATEBOX,Super Crate Mod,1573,07/23/2020, 02:07:11,516
SCRATEBOX,Super Crate Mod,1573,07/23/2020, 03:06:37,516
SCRATEBOX,Super Crate Mod,1573,07/23/2020, 04:07:12,516
SCRATEBOX,Super Crate Mod,1573,07/23/2020, 05:06:34,516
SCRATEBOX,Super Crate Mod,1573,07/23/2020, 06:07:10,516
SCRATEBOX,Super Crate Mod,1573,07/23/2020, 07:06:35,516
SCRATEBOX,Super Crate Mod,1573,07/23/2020, 08:07:09,516
SCRATEBOX,Super Crate Mod,1573,07/23/2020, 09:06:54,516
SCRATEBOX,Super Crate Mod,1574,07/23/2020, 10:06:40,516
SCRATEBOX,Super Crate Mod,1574,07/23/2020, 11:06:04,516
SCRATEBOX,Super Crate Mod,1574,07/23/2020, 12:08:20,516
SCRATEBOX,Super Crate Mod,1574,07/23/2020, 13:06:24,516
SCRATEBOX,Super Crate Mod,1574,07/23/2020, 14:06:50,516
SCRATEBOX,Super Crate Mod,1574,07/23/2020, 15:06:33,516
SCRATEBOX,Super Crate Mod,1574,07/23/2020, 16:06:44,516
SCRATEBOX,Super Crate Mod,1574,07/23/2020, 17:06:41,516
SCRATEBOX,Super Crate Mod,1574,07/23/2020, 18:06:51,516
SCRATEBOX,Super Crate Mod,1574,07/23/2020, 19:06:24,516
SCRATEBOX,Super Crate Mod,1574,07/23/2020, 20:07:14,516
SCRATEBOX,Super Crate Mod,1574,07/23/2020, 21:06:39,516
SCRATEBOX,Super Crate Mod,1574,07/23/2020, 22:06:33,516
SCRATEBOX,Super Crate Mod,1574,07/23/2020, 23:06:01,516
SCRATEBOX,Super Crate Mod,1574,07/24/2020, 00:17:59,516
SCRATEBOX,Super Crate Mod,1574,07/24/2020, 01:07:29,516
SCRATEBOX,Super Crate Mod,1574,07/24/2020, 02:07:51,516
SCRATEBOX,Super Crate Mod,1574,07/24/2020, 03:06:35,516
SCRATEBOX,Super Crate Mod,1574,07/24/2020, 04:06:58,516
