WIZAWIZRD,Wizard Wizard,1395,06/18/2020, 12:35:47,408
WIZAWIZRD,Wizard Wizard,1395,06/18/2020, 13:04:35,408
WIZAWIZRD,Wizard Wizard,1395,06/18/2020, 14:06:21,408
WIZAWIZRD,Wizard Wizard,1395,06/18/2020, 15:04:55,408
WIZAWIZRD,Wizard Wizard,1395,06/18/2020, 16:05:12,408
WIZAWIZRD,Wizard Wizard,1395,06/18/2020, 17:05:41,408
WIZAWIZRD,Wizard Wizard,1395,06/18/2020, 18:05:02,408
WIZAWIZRD,Wizard Wizard,1395,06/18/2020, 19:04:27,408
WIZAWIZRD,Wizard Wizard,1395,06/18/2020, 20:05:19,408
WIZAWIZRD,Wizard Wizard,1395,06/18/2020, 21:05:10,408
WIZAWIZRD,Wizard Wizard,1395,06/18/2020, 22:04:46,408
WIZAWIZRD,Wizard Wizard,1395,06/18/2020, 23:05:11,408
WIZAWIZRD,Wizard Wizard,1395,06/19/2020, 00:13:11,408
WIZAWIZRD,Wizard Wizard,1395,06/19/2020, 01:06:05,408
WIZAWIZRD,Wizard Wizard,1395,06/19/2020, 02:04:57,408
WIZAWIZRD,Wizard Wizard,1395,06/19/2020, 03:04:46,408
WIZAWIZRD,Wizard Wizard,1395,06/19/2020, 04:05:13,408
WIZAWIZRD,Wizard Wizard,1395,06/19/2020, 05:06:07,408
WIZAWIZRD,Wizard Wizard,1395,06/19/2020, 06:06:05,408
WIZAWIZRD,Wizard Wizard,1395,06/19/2020, 07:05:04,408
WIZAWIZRD,Wizard Wizard,1395,06/19/2020, 08:06:41,408
WIZAWIZRD,Wizard Wizard,1395,06/19/2020, 09:04:55,408
WIZAWIZRD,Wizard Wizard,1395,06/19/2020, 10:04:43,408
WIZAWIZRD,Wizard Wizard,1395,06/19/2020, 11:04:34,408
WIZAWIZRD,Wizard Wizard,1395,06/19/2020, 12:06:20,408
WIZAWIZRD,Wizard Wizard,1395,06/19/2020, 13:04:42,408
WIZAWIZRD,Wizard Wizard,1395,06/19/2020, 14:05:08,408
WIZAWIZRD,Wizard Wizard,1395,06/19/2020, 15:04:58,408
WIZAWIZRD,Wizard Wizard,1395,06/19/2020, 16:05:19,408
WIZAWIZRD,Wizard Wizard,1396,06/19/2020, 17:04:50,408
WIZAWIZRD,Wizard Wizard,1396,06/19/2020, 18:05:08,408
WIZAWIZRD,Wizard Wizard,1396,06/19/2020, 19:04:30,408
WIZAWIZRD,Wizard Wizard,1396,06/19/2020, 20:05:26,408
WIZAWIZRD,Wizard Wizard,1396,06/19/2020, 21:04:53,408
WIZAWIZRD,Wizard Wizard,1396,06/19/2020, 22:04:36,408
WIZAWIZRD,Wizard Wizard,1397,06/19/2020, 23:04:21,408
WIZAWIZRD,Wizard Wizard,1397,06/20/2020, 00:12:44,408
WIZAWIZRD,Wizard Wizard,1397,06/20/2020, 01:05:16,408
WIZAWIZRD,Wizard Wizard,1397,06/20/2020, 02:05:48,408
WIZAWIZRD,Wizard Wizard,1397,06/20/2020, 03:05:55,408
WIZAWIZRD,Wizard Wizard,1397,06/20/2020, 04:06:13,408
WIZAWIZRD,Wizard Wizard,1397,06/20/2020, 05:05:00,408
WIZAWIZRD,Wizard Wizard,1397,06/20/2020, 06:05:56,408
WIZAWIZRD,Wizard Wizard,1397,06/20/2020, 07:06:07,408
WIZAWIZRD,Wizard Wizard,1397,06/20/2020, 08:05:12,408
WIZAWIZRD,Wizard Wizard,1397,06/20/2020, 09:05:33,408
WIZAWIZRD,Wizard Wizard,1397,06/20/2020, 10:05:49,408
WIZAWIZRD,Wizard Wizard,1397,06/20/2020, 11:05:49,408
WIZAWIZRD,Wizard Wizard,1397,06/20/2020, 12:06:20,408
WIZAWIZRD,Wizard Wizard,1397,06/20/2020, 13:05:02,408
WIZAWIZRD,Wizard Wizard,1397,06/20/2020, 14:05:52,408
WIZAWIZRD,Wizard Wizard,1397,06/20/2020, 15:04:41,408
WIZAWIZRD,Wizard Wizard,1397,06/20/2020, 16:05:09,408
WIZAWIZRD,Wizard Wizard,1397,06/20/2020, 17:05:16,408
WIZAWIZRD,Wizard Wizard,1397,06/20/2020, 18:05:07,408
WIZAWIZRD,Wizard Wizard,1397,06/20/2020, 19:05:51,408
WIZAWIZRD,Wizard Wizard,1397,06/20/2020, 20:05:20,408
WIZAWIZRD,Wizard Wizard,1397,06/20/2020, 21:05:02,408
WIZAWIZRD,Wizard Wizard,1397,06/20/2020, 22:04:21,408
WIZAWIZRD,Wizard Wizard,1397,06/20/2020, 23:06:32,408
WIZAWIZRD,Wizard Wizard,1397,06/21/2020, 00:13:56,408
WIZAWIZRD,Wizard Wizard,1397,06/21/2020, 01:05:05,408
WIZAWIZRD,Wizard Wizard,1397,06/21/2020, 02:09:09,408
WIZAWIZRD,Wizard Wizard,1397,06/21/2020, 03:05:06,408
WIZAWIZRD,Wizard Wizard,1397,06/21/2020, 04:06:08,408
WIZAWIZRD,Wizard Wizard,1397,06/21/2020, 05:04:41,408
WIZAWIZRD,Wizard Wizard,1397,06/21/2020, 06:06:03,408
WIZAWIZRD,Wizard Wizard,1397,06/21/2020, 07:04:56,408
WIZAWIZRD,Wizard Wizard,1397,06/21/2020, 08:05:14,408
WIZAWIZRD,Wizard Wizard,1397,06/21/2020, 09:05:00,408
WIZAWIZRD,Wizard Wizard,1397,06/21/2020, 10:06:08,408
WIZAWIZRD,Wizard Wizard,1397,06/21/2020, 11:05:57,408
WIZAWIZRD,Wizard Wizard,1397,06/21/2020, 12:06:15,408
WIZAWIZRD,Wizard Wizard,1397,06/21/2020, 13:04:49,408
WIZAWIZRD,Wizard Wizard,1397,06/21/2020, 14:05:51,408
WIZAWIZRD,Wizard Wizard,1397,06/21/2020, 15:05:39,408
WIZAWIZRD,Wizard Wizard,1397,06/21/2020, 16:04:51,408
WIZAWIZRD,Wizard Wizard,1397,06/21/2020, 17:04:40,408
WIZAWIZRD,Wizard Wizard,1397,06/21/2020, 18:05:32,408
WIZAWIZRD,Wizard Wizard,1397,06/21/2020, 19:06:02,408
WIZAWIZRD,Wizard Wizard,1397,06/21/2020, 20:05:29,408
WIZAWIZRD,Wizard Wizard,1397,06/21/2020, 21:04:52,408
WIZAWIZRD,Wizard Wizard,1397,06/21/2020, 22:04:51,408
WIZAWIZRD,Wizard Wizard,1397,06/21/2020, 23:04:58,408
WIZAWIZRD,Wizard Wizard,1397,06/22/2020, 00:13:04,408
WIZAWIZRD,Wizard Wizard,1397,06/22/2020, 01:05:16,408
WIZAWIZRD,Wizard Wizard,1397,06/22/2020, 02:05:28,408
WIZAWIZRD,Wizard Wizard,1397,06/22/2020, 03:05:02,408
WIZAWIZRD,Wizard Wizard,1397,06/22/2020, 04:05:20,408
WIZAWIZRD,Wizard Wizard,1397,06/22/2020, 05:05:04,408
WIZAWIZRD,Wizard Wizard,1397,06/22/2020, 06:06:04,408
WIZAWIZRD,Wizard Wizard,1397,06/22/2020, 07:04:51,408
WIZAWIZRD,Wizard Wizard,1397,06/22/2020, 08:05:46,408
WIZAWIZRD,Wizard Wizard,1397,06/22/2020, 09:04:58,408
WIZAWIZRD,Wizard Wizard,1397,06/22/2020, 10:05:33,408
WIZAWIZRD,Wizard Wizard,1397,06/22/2020, 11:05:04,408
WIZAWIZRD,Wizard Wizard,1397,06/22/2020, 12:06:42,408
WIZAWIZRD,Wizard Wizard,1397,06/22/2020, 13:05:14,408
WIZAWIZRD,Wizard Wizard,1397,06/22/2020, 14:05:02,408
WIZAWIZRD,Wizard Wizard,1398,06/22/2020, 15:05:30,408
WIZAWIZRD,Wizard Wizard,1398,06/22/2020, 16:05:01,408
WIZAWIZRD,Wizard Wizard,1398,06/22/2020, 17:04:47,408
WIZAWIZRD,Wizard Wizard,1398,06/22/2020, 18:05:12,408
WIZAWIZRD,Wizard Wizard,1399,06/22/2020, 19:04:33,408
WIZAWIZRD,Wizard Wizard,1399,06/22/2020, 20:05:48,408
WIZAWIZRD,Wizard Wizard,1399,06/22/2020, 21:04:48,408
WIZAWIZRD,Wizard Wizard,1399,06/22/2020, 22:04:35,408
WIZAWIZRD,Wizard Wizard,1399,06/22/2020, 23:04:24,408
WIZAWIZRD,Wizard Wizard,1399,06/23/2020, 00:12:58,408
WIZAWIZRD,Wizard Wizard,1399,06/23/2020, 01:05:16,408
WIZAWIZRD,Wizard Wizard,1399,06/23/2020, 02:05:57,408
WIZAWIZRD,Wizard Wizard,1399,06/23/2020, 03:04:56,408
WIZAWIZRD,Wizard Wizard,1399,06/23/2020, 04:05:17,408
WIZAWIZRD,Wizard Wizard,1399,06/23/2020, 05:06:06,408
WIZAWIZRD,Wizard Wizard,1399,06/23/2020, 06:05:36,408
WIZAWIZRD,Wizard Wizard,1399,06/23/2020, 07:05:05,408
WIZAWIZRD,Wizard Wizard,1399,06/23/2020, 08:06:03,408
WIZAWIZRD,Wizard Wizard,1399,06/23/2020, 09:04:48,408
WIZAWIZRD,Wizard Wizard,1399,06/23/2020, 10:04:48,408
WIZAWIZRD,Wizard Wizard,1399,06/23/2020, 11:04:37,408
WIZAWIZRD,Wizard Wizard,1399,06/23/2020, 12:06:26,408
WIZAWIZRD,Wizard Wizard,1399,06/23/2020, 13:04:46,408
WIZAWIZRD,Wizard Wizard,1399,06/23/2020, 14:31:49,408
WIZAWIZRD,Wizard Wizard,1399,06/23/2020, 15:05:00,408
WIZAWIZRD,Wizard Wizard,1399,06/23/2020, 16:05:01,408
WIZAWIZRD,Wizard Wizard,1399,06/23/2020, 17:04:46,408
WIZAWIZRD,Wizard Wizard,1399,06/23/2020, 18:05:13,408
WIZAWIZRD,Wizard Wizard,1399,06/23/2020, 19:04:32,408
WIZAWIZRD,Wizard Wizard,1399,06/23/2020, 20:05:30,408
WIZAWIZRD,Wizard Wizard,1399,06/23/2020, 21:04:46,408
WIZAWIZRD,Wizard Wizard,1399,06/23/2020, 22:04:35,408
WIZAWIZRD,Wizard Wizard,1399,06/23/2020, 23:04:23,408
WIZAWIZRD,Wizard Wizard,1399,06/24/2020, 00:12:39,408
WIZAWIZRD,Wizard Wizard,1399,06/24/2020, 01:05:34,408
WIZAWIZRD,Wizard Wizard,1399,06/24/2020, 02:06:20,408
WIZAWIZRD,Wizard Wizard,1399,06/24/2020, 03:04:45,408
WIZAWIZRD,Wizard Wizard,1399,06/24/2020, 04:06:00,408
WIZAWIZRD,Wizard Wizard,1399,06/24/2020, 05:04:54,408
WIZAWIZRD,Wizard Wizard,1399,06/24/2020, 06:05:16,408
WIZAWIZRD,Wizard Wizard,1399,06/24/2020, 07:05:18,408
WIZAWIZRD,Wizard Wizard,1399,06/24/2020, 08:05:48,408
WIZAWIZRD,Wizard Wizard,1399,06/24/2020, 09:04:55,408
WIZAWIZRD,Wizard Wizard,1399,06/24/2020, 10:04:47,408
WIZAWIZRD,Wizard Wizard,1399,06/24/2020, 11:04:57,408
WIZAWIZRD,Wizard Wizard,1399,06/24/2020, 12:06:27,408
WIZAWIZRD,Wizard Wizard,1399,06/24/2020, 13:05:08,408
WIZAWIZRD,Wizard Wizard,1399,06/24/2020, 14:05:04,408
WIZAWIZRD,Wizard Wizard,1399,06/24/2020, 15:06:28,408
WIZAWIZRD,Wizard Wizard,1399,06/24/2020, 16:05:09,408
WIZAWIZRD,Wizard Wizard,1399,06/24/2020, 17:05:41,408
WIZAWIZRD,Wizard Wizard,1399,06/24/2020, 18:04:53,408
WIZAWIZRD,Wizard Wizard,1399,06/24/2020, 19:04:45,408
WIZAWIZRD,Wizard Wizard,1399,06/24/2020, 20:05:14,408
WIZAWIZRD,Wizard Wizard,1399,06/24/2020, 21:06:44,408
WIZAWIZRD,Wizard Wizard,1400,06/24/2020, 22:04:52,408
WIZAWIZRD,Wizard Wizard,1400,06/24/2020, 23:04:55,408
WIZAWIZRD,Wizard Wizard,1400,06/25/2020, 00:13:08,408
WIZAWIZRD,Wizard Wizard,1400,06/25/2020, 01:05:36,408
WIZAWIZRD,Wizard Wizard,1401,06/25/2020, 02:06:05,408
WIZAWIZRD,Wizard Wizard,1401,06/25/2020, 03:04:48,408
WIZAWIZRD,Wizard Wizard,1401,06/25/2020, 04:07:10,408
WIZAWIZRD,Wizard Wizard,1401,06/25/2020, 05:05:45,408
WIZAWIZRD,Wizard Wizard,1401,06/25/2020, 06:13:28,408
WIZAWIZRD,Wizard Wizard,1401,06/25/2020, 07:05:45,408
WIZAWIZRD,Wizard Wizard,1401,06/25/2020, 08:05:40,408
WIZAWIZRD,Wizard Wizard,1401,06/25/2020, 09:05:13,408
WIZAWIZRD,Wizard Wizard,1401,06/25/2020, 10:04:59,408
WIZAWIZRD,Wizard Wizard,1401,06/25/2020, 11:04:54,408
WIZAWIZRD,Wizard Wizard,1401,06/25/2020, 12:06:33,408
WIZAWIZRD,Wizard Wizard,1401,06/25/2020, 13:04:48,408
WIZAWIZRD,Wizard Wizard,1401,06/25/2020, 14:04:58,408
WIZAWIZRD,Wizard Wizard,1401,06/25/2020, 15:04:55,408
WIZAWIZRD,Wizard Wizard,1401,06/25/2020, 16:05:03,408
WIZAWIZRD,Wizard Wizard,1401,06/25/2020, 17:05:41,408
WIZAWIZRD,Wizard Wizard,1401,06/25/2020, 18:07:17,408
WIZAWIZRD,Wizard Wizard,1401,06/25/2020, 19:04:48,408
WIZAWIZRD,Wizard Wizard,1401,06/25/2020, 20:06:34,408
WIZAWIZRD,Wizard Wizard,1402,06/25/2020, 21:04:48,408
WIZAWIZRD,Wizard Wizard,1402,06/25/2020, 22:06:40,408
WIZAWIZRD,Wizard Wizard,1402,06/25/2020, 23:04:37,408
WIZAWIZRD,Wizard Wizard,1402,06/26/2020, 00:13:15,408
WIZAWIZRD,Wizard Wizard,1402,06/26/2020, 01:05:22,408
WIZAWIZRD,Wizard Wizard,1403,06/26/2020, 02:05:42,408
WIZAWIZRD,Wizard Wizard,1403,06/26/2020, 03:05:08,408
WIZAWIZRD,Wizard Wizard,1403,06/26/2020, 04:05:16,408
WIZAWIZRD,Wizard Wizard,1403,06/26/2020, 05:05:03,408
WIZAWIZRD,Wizard Wizard,1403,06/26/2020, 06:06:20,408
WIZAWIZRD,Wizard Wizard,1403,06/26/2020, 07:04:51,408
WIZAWIZRD,Wizard Wizard,1403,06/26/2020, 08:05:48,408
WIZAWIZRD,Wizard Wizard,1403,06/26/2020, 09:05:07,408
WIZAWIZRD,Wizard Wizard,1403,06/26/2020, 10:04:59,408
WIZAWIZRD,Wizard Wizard,1403,06/26/2020, 11:04:49,408
WIZAWIZRD,Wizard Wizard,1403,06/26/2020, 12:06:56,408
WIZAWIZRD,Wizard Wizard,1403,06/26/2020, 13:05:06,408
WIZAWIZRD,Wizard Wizard,1403,06/26/2020, 14:04:54,408
WIZAWIZRD,Wizard Wizard,1403,06/26/2020, 15:04:49,408
WIZAWIZRD,Wizard Wizard,1403,06/26/2020, 16:05:04,408
WIZAWIZRD,Wizard Wizard,1403,06/26/2020, 17:05:23,408
WIZAWIZRD,Wizard Wizard,1403,06/26/2020, 18:05:21,408
WIZAWIZRD,Wizard Wizard,1403,06/26/2020, 19:04:42,408
WIZAWIZRD,Wizard Wizard,1403,06/26/2020, 20:05:47,408
WIZAWIZRD,Wizard Wizard,1403,06/26/2020, 21:04:56,408
WIZAWIZRD,Wizard Wizard,1403,06/26/2020, 22:04:48,408
WIZAWIZRD,Wizard Wizard,1403,06/26/2020, 23:04:38,408
WIZAWIZRD,Wizard Wizard,1403,06/27/2020, 00:13:15,408
WIZAWIZRD,Wizard Wizard,1403,06/27/2020, 01:05:35,408
WIZAWIZRD,Wizard Wizard,1404,06/27/2020, 02:07:18,408
WIZAWIZRD,Wizard Wizard,1404,06/27/2020, 03:04:48,408
WIZAWIZRD,Wizard Wizard,1404,06/27/2020, 04:07:48,408
WIZAWIZRD,Wizard Wizard,1404,06/27/2020, 05:08:45,408
WIZAWIZRD,Wizard Wizard,1404,06/27/2020, 06:05:58,408
WIZAWIZRD,Wizard Wizard,1404,06/27/2020, 07:07:04,408
WIZAWIZRD,Wizard Wizard,1404,06/27/2020, 08:06:57,408
WIZAWIZRD,Wizard Wizard,1404,06/27/2020, 09:07:06,408
WIZAWIZRD,Wizard Wizard,1404,06/27/2020, 10:06:55,408
WIZAWIZRD,Wizard Wizard,1404,06/27/2020, 11:04:45,408
WIZAWIZRD,Wizard Wizard,1404,06/27/2020, 12:06:05,408
WIZAWIZRD,Wizard Wizard,1404,06/27/2020, 13:05:10,408
WIZAWIZRD,Wizard Wizard,1404,06/27/2020, 14:05:46,408
WIZAWIZRD,Wizard Wizard,1404,06/27/2020, 15:04:47,408
WIZAWIZRD,Wizard Wizard,1404,06/27/2020, 16:05:12,408
WIZAWIZRD,Wizard Wizard,1404,06/27/2020, 17:05:34,408
WIZAWIZRD,Wizard Wizard,1404,06/27/2020, 18:05:25,408
WIZAWIZRD,Wizard Wizard,1404,06/27/2020, 19:04:56,408
WIZAWIZRD,Wizard Wizard,1404,06/27/2020, 20:05:37,408
WIZAWIZRD,Wizard Wizard,1404,06/27/2020, 21:05:53,408
WIZAWIZRD,Wizard Wizard,1405,06/27/2020, 22:05:04,408
WIZAWIZRD,Wizard Wizard,1405,06/27/2020, 23:05:44,408
WIZAWIZRD,Wizard Wizard,1405,06/28/2020, 00:14:11,408
WIZAWIZRD,Wizard Wizard,1405,06/28/2020, 01:05:24,408
WIZAWIZRD,Wizard Wizard,1405,06/28/2020, 02:06:01,408
WIZAWIZRD,Wizard Wizard,1405,06/28/2020, 03:05:18,408
WIZAWIZRD,Wizard Wizard,1405,06/28/2020, 04:06:18,408
WIZAWIZRD,Wizard Wizard,1405,06/28/2020, 05:04:44,408
WIZAWIZRD,Wizard Wizard,1405,06/28/2020, 06:06:43,408
WIZAWIZRD,Wizard Wizard,1405,06/28/2020, 07:05:12,408
WIZAWIZRD,Wizard Wizard,1405,06/28/2020, 08:05:32,408
WIZAWIZRD,Wizard Wizard,1405,06/28/2020, 09:05:34,408
WIZAWIZRD,Wizard Wizard,1405,06/28/2020, 10:05:06,408
WIZAWIZRD,Wizard Wizard,1405,06/28/2020, 11:05:07,408
WIZAWIZRD,Wizard Wizard,1405,06/28/2020, 12:06:10,408
WIZAWIZRD,Wizard Wizard,1405,06/28/2020, 13:04:55,408
WIZAWIZRD,Wizard Wizard,1405,06/28/2020, 14:07:57,408
WIZAWIZRD,Wizard Wizard,1405,06/28/2020, 15:10:33,408
WIZAWIZRD,Wizard Wizard,1405,06/28/2020, 16:05:02,408
WIZAWIZRD,Wizard Wizard,1405,06/28/2020, 17:04:46,408
WIZAWIZRD,Wizard Wizard,1405,06/28/2020, 18:05:06,408
WIZAWIZRD,Wizard Wizard,1405,06/28/2020, 19:07:04,408
WIZAWIZRD,Wizard Wizard,1405,06/28/2020, 20:05:15,408
WIZAWIZRD,Wizard Wizard,1405,06/28/2020, 21:08:13,408
WIZAWIZRD,Wizard Wizard,1405,06/28/2020, 22:07:08,408
WIZAWIZRD,Wizard Wizard,1405,06/28/2020, 23:04:41,408
WIZAWIZRD,Wizard Wizard,1405,06/29/2020, 00:13:46,408
WIZAWIZRD,Wizard Wizard,1405,06/29/2020, 01:05:18,408
WIZAWIZRD,Wizard Wizard,1405,06/29/2020, 02:05:51,408
WIZAWIZRD,Wizard Wizard,1405,06/29/2020, 03:05:05,408
WIZAWIZRD,Wizard Wizard,1405,06/29/2020, 04:05:13,408
WIZAWIZRD,Wizard Wizard,1405,06/29/2020, 05:05:08,408
WIZAWIZRD,Wizard Wizard,1405,06/29/2020, 06:05:33,408
WIZAWIZRD,Wizard Wizard,1405,06/29/2020, 07:05:16,408
WIZAWIZRD,Wizard Wizard,1405,06/29/2020, 08:05:45,408
WIZAWIZRD,Wizard Wizard,1405,06/29/2020, 09:06:33,408
WIZAWIZRD,Wizard Wizard,1405,06/29/2020, 11:05:30,408
WIZAWIZRD,Wizard Wizard,1405,06/29/2020, 12:06:37,408
WIZAWIZRD,Wizard Wizard,1405,06/29/2020, 13:04:58,408
WIZAWIZRD,Wizard Wizard,1405,06/29/2020, 14:05:21,408
WIZAWIZRD,Wizard Wizard,1405,06/29/2020, 15:04:50,408
WIZAWIZRD,Wizard Wizard,1405,06/29/2020, 16:09:13,408
WIZAWIZRD,Wizard Wizard,1405,06/29/2020, 17:05:23,408
WIZAWIZRD,Wizard Wizard,1405,06/29/2020, 18:05:27,408
WIZAWIZRD,Wizard Wizard,1405,06/29/2020, 19:04:50,408
WIZAWIZRD,Wizard Wizard,1405,06/29/2020, 20:05:41,408
WIZAWIZRD,Wizard Wizard,1405,06/29/2020, 21:05:10,408
WIZAWIZRD,Wizard Wizard,1405,06/29/2020, 22:04:55,408
WIZAWIZRD,Wizard Wizard,1405,06/29/2020, 23:04:56,408
WIZAWIZRD,Wizard Wizard,1405,06/30/2020, 00:13:24,408
WIZAWIZRD,Wizard Wizard,1405,06/30/2020, 01:05:14,408
WIZAWIZRD,Wizard Wizard,1405,06/30/2020, 02:05:48,408
WIZAWIZRD,Wizard Wizard,1405,06/30/2020, 03:04:54,408
WIZAWIZRD,Wizard Wizard,1405,06/30/2020, 04:05:57,408
WIZAWIZRD,Wizard Wizard,1405,06/30/2020, 05:05:05,408
WIZAWIZRD,Wizard Wizard,1405,06/30/2020, 06:05:25,408
WIZAWIZRD,Wizard Wizard,1405,06/30/2020, 07:05:08,408
WIZAWIZRD,Wizard Wizard,1405,06/30/2020, 08:05:56,408
WIZAWIZRD,Wizard Wizard,1405,06/30/2020, 09:05:08,408
WIZAWIZRD,Wizard Wizard,1405,06/30/2020, 10:05:06,408
WIZAWIZRD,Wizard Wizard,1405,06/30/2020, 11:04:51,408
WIZAWIZRD,Wizard Wizard,1405,06/30/2020, 12:06:27,408
WIZAWIZRD,Wizard Wizard,1405,06/30/2020, 13:04:51,408
WIZAWIZRD,Wizard Wizard,1405,06/30/2020, 14:31:49,408
WIZAWIZRD,Wizard Wizard,1405,06/30/2020, 15:05:08,408
WIZAWIZRD,Wizard Wizard,1405,06/30/2020, 16:05:36,408
WIZAWIZRD,Wizard Wizard,1405,06/30/2020, 17:04:50,408
WIZAWIZRD,Wizard Wizard,1405,06/30/2020, 18:05:28,408
WIZAWIZRD,Wizard Wizard,1405,06/30/2020, 19:04:44,408
WIZAWIZRD,Wizard Wizard,1405,06/30/2020, 20:06:49,408
WIZAWIZRD,Wizard Wizard,1405,06/30/2020, 21:05:21,408
WIZAWIZRD,Wizard Wizard,1405,06/30/2020, 22:05:55,408
WIZAWIZRD,Wizard Wizard,1405,06/30/2020, 23:05:36,408
WIZAWIZRD,Wizard Wizard,1405,07/01/2020, 00:16:39,408
WIZAWIZRD,Wizard Wizard,1405,07/01/2020, 01:06:32,408
WIZAWIZRD,Wizard Wizard,1405,07/01/2020, 02:06:28,408
WIZAWIZRD,Wizard Wizard,1405,07/01/2020, 03:06:11,408
WIZAWIZRD,Wizard Wizard,1405,07/01/2020, 04:06:17,408
WIZAWIZRD,Wizard Wizard,1405,07/01/2020, 05:05:51,408
WIZAWIZRD,Wizard Wizard,1405,07/01/2020, 06:06:43,408
WIZAWIZRD,Wizard Wizard,1405,07/01/2020, 07:07:33,408
WIZAWIZRD,Wizard Wizard,1405,07/01/2020, 08:06:39,408
